Date,PX_LAST,PX_VOLUME
#NAME?,81.49,1803
2022-12-29,82,467
2022-12-28,83.54,1496
2022-12-27,85.77,303
2022-12-23,86.81,1331
2022-12-22,86.72,1082
2022-12-21,85.35,1742
2022-12-20,87.67,7627
2022-12-19,84.11,5208
2022-12-16,83.82,17925
2022-12-15,85.5,31056
2022-12-14,86.61,36064
2022-12-13,88.64,25913
2022-12-12,90.17,20582
2022-12-09,87.84,26049
2022-12-08,88.67,29003
2022-12-07,88.07,24981
2022-12-06,87.69,48235
2022-12-05,87.31,27588
2022-12-02,87.67,29743
2022-12-01,85.22,28959
2022-11-30,84.69,32887
2022-11-29,81.25,17137
2022-11-28,78.81,22276
2022-11-25,78.86,13609
2022-11-24,78.27,16632
2022-11-23,75.87,19416
2022-11-22,73.89,17410
2022-11-21,74.61,18751
2022-11-18,72.47,19317
2022-11-17,72.4,21449
2022-11-16,73.41,30683
2022-11-15,76.65,20444
2022-11-14,75.23,20132
2022-11-11,75.84,20326
2022-11-10,73.05,27274
2022-11-09,72.76,37958
2022-11-08,76.06,22831
2022-11-07,77.49,17475
2022-11-04,76.36,20663
2022-11-03,76.28,26292
2022-11-02,76.7,13906
2022-11-01,76.72,20002
2022-10-31,79.97,13800
2022-10-28,81.21,18873
2022-10-27,80.21,26463
2022-10-26,75.79,22977
2022-10-25,77.11,31487
2022-10-24,72.32,23321
2022-10-21,68.72,12835
2022-10-20,66.87,18013
2022-10-19,67.29,19134
2022-10-18,67.77,18002
2022-10-17,67.51,16567
2022-10-14,68.02,13335
2022-10-13,68.84,26083
2022-10-12,66.71,21019
2022-10-11,66.34,16720
2022-10-10,66.77,17059
2022-10-07,69.85,15419
2022-10-06,68.96,15702
2022-10-05,67.07,19794
2022-10-04,66.92,19875
2022-10-03,65.94,14309
2022-09-30,66.73,16143
2022-09-29,65.73,19934
2022-09-28,65.15,24121
2022-09-27,67.96,16530
2022-09-26,69.97,52
2022-09-23,65.41,507
2022-09-22,70.05,1
2022-09-21,69.4,1009
2022-09-20,70.74,270
2022-09-19,70.71,107
2022-09-16,72.87,#N/A N/A
2022-09-15,71.45,307
2022-09-14,72.14,50
2022-09-13,69.36,58
2022-09-12,71.44,27
2022-09-09,65.72,6
2022-09-08,66.93,51
2022-09-07,68.71,50
2022-09-06,69.57,32
2022-09-05,74.05,1413
2022-09-02,77.45,9125
2022-09-01,80.33,1442
2022-08-31,79.61,140
2022-08-30,80.34,33
2022-08-29,86.24,25
2022-08-26,89.94,30
2022-08-25,88.95,131
2022-08-24,88.86,10
2022-08-23,88.94,16
2022-08-22,91.83,11
2022-08-19,97.67,192
2022-08-18,95.72,398
2022-08-17,95.5,320
2022-08-16,91.77,21
2022-08-15,90.48,1
2022-08-12,88.58,1
2022-08-11,87.27,5
2022-08-10,85.63,2
2022-08-09,85.65,#N/A N/A
2022-08-08,83.53,1
2022-08-05,84.48,10
2022-08-04,83.9,98
2022-08-03,83.71,#N/A N/A
2022-08-02,81.66,35
2022-08-01,80.28,121
2022-07-29,78.27,648
2022-07-28,78.68,18
2022-07-27,75.85,1
2022-07-26,76.39,2447
2022-07-25,76.08,180
2022-07-22,76.03,1955
2022-07-21,77.85,1821
2022-07-20,78.58,775
2022-07-19,83.37,201
2022-07-18,84.66,100
2022-07-15,85.09,65
2022-07-14,83.7,115
2022-07-13,83.59,#N/A N/A
2022-07-12,85.37,254
2022-07-11,84.07,#N/A N/A
2022-07-08,82.51,46
2022-07-07,84.64,5
2022-07-06,82.94,100
2022-07-05,82.99,#N/A N/A
2022-07-04,84.29,#N/A N/A
2022-07-01,85.3,#N/A N/A
2022-06-30,89.88,2
2022-06-29,88.07,#N/A N/A
2022-06-28,87.12,4
2022-06-27,84.59,548
2022-06-24,82.98,182
2022-06-23,83.67,252
2022-06-22,81.42,747
2022-06-21,84.27,643
2022-06-20,83.59,2149
2022-06-17,81.99,648
2022-06-16,82.61,604
2022-06-15,85.83,536
2022-06-14,83.78,732
2022-06-13,81.2,1903
2022-06-10,81.53,1346
2022-06-09,80.68,165
2022-06-08,79.49,535
2022-06-07,80.98,1100
2022-06-06,81.08,5
2022-06-03,86.5,8
2022-06-02,85.98,#N/A N/A
2022-06-01,85.72,4
2022-05-31,83.66,10
2022-05-30,83.61,1
2022-05-27,83.84,#N/A N/A
2022-05-26,84.4,4
2022-05-25,81.04,#N/A N/A
2022-05-24,80.98,99
2022-05-23,77.81,41
2022-05-20,80.05,335
2022-05-19,82.82,578
2022-05-18,84.27,52
2022-05-17,91.33,15
2022-05-16,89.18,3
2022-05-13,88.09,27
2022-05-12,87.87,12
2022-05-11,88.45,#N/A N/A
2022-05-10,86.93,340
2022-05-09,86.62,#N/A N/A
2022-05-06,91.14,#N/A N/A
2022-05-05,88.53,50
2022-05-04,87.9,28
2022-05-03,87.78,#N/A N/A
2022-05-02,82.65,#N/A N/A
2022-04-29,84.04,10
2022-04-28,82.31,20
2022-04-27,80.66,268
2022-04-26,82.35,53
2022-04-25,83.13,506
2022-04-22,88.68,1527
2022-04-21,86.19,207
2022-04-20,87.6,#N/A N/A
2022-04-19,79.98,1426
2022-04-18,79.78,#N/A N/A
2022-04-14,79.78,19
2022-04-13,77.26,1100
2022-04-12,78.84,1000
2022-04-11,77.79,#N/A N/A
2022-04-08,79.93,#N/A N/A
2022-04-07,79.78,#N/A N/A
2022-04-06,77.02,#N/A N/A
2022-04-05,77.89,600
2022-04-04,78.34,#N/A N/A
2022-04-01,78.35,#N/A N/A
2022-03-31,76.32,105
2022-03-30,78.12,100
2022-03-29,81.54,#N/A N/A
2022-03-28,80.54,6695
2022-03-25,78.31,8013
2022-03-24,77.94,4958
2022-03-23,76.25,9491
2022-03-22,80.29,11661
2022-03-21,78.01,4226
2022-03-18,78.52,2868
2022-03-17,79.53,6113
2022-03-16,77.77,3834
2022-03-15,77.04,8004
2022-03-14,77.89,3616
2022-03-11,76.39,4348
2022-03-10,76.03,2390
2022-03-09,72.78,13129
2022-03-08,68.12,4254
2022-03-07,57.93,7533
2022-03-04,64.79,2907
2022-03-03,67.09,6173
2022-03-02,68.26,5481
2022-03-01,68.53,6786
2022-02-28,81.82,395
2022-02-25,87.74,492
2022-02-24,86.66,6234
2022-02-23,94.69,290
2022-02-22,89.39,537
2022-02-21,89.29,118
2022-02-18,89.05,1132
2022-02-17,85.98,1668
2022-02-16,89.38,1872
2022-02-15,90.71,993
2022-02-14,91.33,1149
2022-02-11,92.5,2719
2022-02-10,90.41,1038
2022-02-09,90.4,2051
2022-02-08,96.48,1648
2022-02-07,96.28,236
2022-02-04,96.03,1500
2022-02-03,94.38,1681
2022-02-02,93.76,2064
2022-02-01,89.18,733
2022-01-31,88.89,1865
2022-01-28,88.9,1146
2022-01-27,89.46,1799
2022-01-26,88.36,824
2022-01-25,87.15,439
2022-01-24,83.72,1050
2022-01-21,84.17,371
2022-01-20,85.32,650
2022-01-19,81.82,3131
2022-01-18,82.38,261
2022-01-17,80.32,282
2022-01-14,81.82,5595
2022-01-13,80.3,479
2022-01-12,79.75,5675
2022-01-11,81.03,840
2022-01-10,79.8,4972
2022-01-07,85.09,5766
2022-01-06,86.4,4620
2022-01-05,87.24,10283
2022-01-04,84.55,4912
2022-01-03,83.63,818
2021-12-31,80.22,825
2021-12-30,79.77,974
2021-12-29,79.97,2372
2021-12-28,78.86,734
2021-12-27,76.55,1033
2021-12-24,75.91,936
2021-12-23,74.04,5470
2021-12-22,76.37,5111
2021-12-21,80.49,2363
2021-12-20,79.38,13731
2021-12-17,73.28,40236
2021-12-16,84.77,44948
2021-12-15,80.5,59668
2021-12-14,79.48,56567
2021-12-13,82.12,36487
2021-12-10,83.73,54227
2021-12-09,80.2,64569
2021-12-08,88.88,63620
2021-12-07,84.91,45704
2021-12-06,81.25,30841
2021-12-03,78.25,24516
2021-12-02,79.86,58346
2021-12-01,76.81,45150
2021-11-30,75.37,31383
2021-11-29,74.21,30968
2021-11-26,72.78,39797
2021-11-25,74.46,32116
2021-11-24,72.91,39158
2021-11-23,69.17,32429
2021-11-22,69.91,33257
2021-11-19,69.36,26896
2021-11-18,69.1,31435
2021-11-17,67.16,28258
2021-11-16,67.55,33181
2021-11-15,65.93,32867
2021-11-12,63.27,23123
2021-11-11,63.7,24473
2021-11-10,63.16,33666
2021-11-09,60.41,29814
2021-11-08,60.63,26371
2021-11-05,59.39,28397
2021-11-04,59.86,52401
2021-11-03,59.82,22785
2021-11-02,59.46,36733
2021-11-01,56.94,30269
2021-10-29,58.71,24790
2021-10-28,58.57,21533
2021-10-27,59.9,23988
2021-10-26,59.81,22189
2021-10-25,58.99,18868
2021-10-22,58.27,22039
2021-10-21,57.98,30427
2021-10-20,57.78,33358
2021-10-19,54.55,48144
2021-10-18,58.56,31100
2021-10-15,59.44,28770
2021-10-14,61.44,35611
2021-10-13,59.07,28575
2021-10-12,58.93,19744
2021-10-11,59.15,24233
2021-10-08,58.33,29796
2021-10-07,60.37,49167
2021-10-06,59.12,73082
2021-10-05,64.72,46685
2021-10-04,63.4,33251
2021-10-01,62.04,26777
2021-09-30,61.74,48944
2021-09-29,62.88,35365
2021-09-28,61.92,45094
2021-09-27,64.31,33
2021-09-24,62.88,67
2021-09-23,60.48,169
2021-09-22,60.54,202
2021-09-21,60.11,11
2021-09-20,60.63,116
2021-09-17,59.43,104
2021-09-16,59.26,211
2021-09-15,59.8,738
2021-09-14,59.8,256
2021-09-13,61.01,691
2021-09-10,60.86,486
2021-09-09,62.69,2630
2021-09-08,62.41,2312
2021-09-07,61.95,270
2021-09-06,62.27,106
2021-09-03,61.28,10
2021-09-02,61.48,50
2021-09-01,60.07,46
2021-08-31,60.72,29
2021-08-30,60.72,82
2021-08-27,58.96,19
2021-08-26,56.82,149
2021-08-25,56.5,92
2021-08-24,56.6,25
2021-08-23,55.3,30
2021-08-20,54.33,40
2021-08-19,53.45,9
2021-08-18,57.08,7
2021-08-17,57.18,1
2021-08-16,58.11,20
2021-08-13,55.33,2
2021-08-12,56.21,#N/A N/A
2021-08-11,57.73,5
2021-08-10,57.36,#N/A N/A
2021-08-09,56.57,13
2021-08-06,56.61,10
2021-08-05,55.93,31
2021-08-04,55.41,2
2021-08-03,54.14,5
2021-08-02,54.38,9
2021-07-30,53.28,#N/A N/A
2021-07-29,54,#N/A N/A
2021-07-28,53.78,10
2021-07-27,52.85,5
2021-07-26,53.15,15
2021-07-23,50.84,24
2021-07-22,50.74,9
2021-07-21,52.08,#N/A N/A
2021-07-20,51.15,235
2021-07-19,52.34,335
2021-07-16,52.82,2252
2021-07-15,52.91,2049
2021-07-14,53.3,156
2021-07-13,52.79,2135
2021-07-12,51.65,#N/A N/A
2021-07-09,54.2,#N/A N/A
2021-07-08,52.29,2000
2021-07-07,52.56,8
2021-07-06,53.96,7
2021-07-05,57.81,11500
2021-07-02,57.29,16
2021-07-01,57.58,237
2021-06-30,56.31,8
2021-06-29,55.58,3
2021-06-28,55.4,#N/A N/A
2021-06-25,54.95,814
2021-06-24,54.99,1173
2021-06-23,54.57,38
2021-06-22,53.31,634
2021-06-21,52.33,8252
2021-06-18,51.81,#N/A N/A
2021-06-17,50.82,319
2021-06-16,51.25,611
2021-06-15,51.31,10
2021-06-14,52.81,2260
2021-06-11,52.59,204
2021-06-10,53.7,36
2021-06-09,53.43,1505
2021-06-08,52.09,82
2021-06-07,51.39,286
2021-06-04,49.9,618
2021-06-03,50.17,62
2021-06-02,51.32,3
2021-06-01,52.32,79
2021-05-31,51.62,17
2021-05-28,50.95,110
2021-05-27,51.76,207
2021-05-26,53.59,1116
2021-05-25,53.24,2109
2021-05-24,52.69,#N/A N/A
2021-05-21,51.66,1131
2021-05-20,52.59,963
2021-05-19,49.57,181
2021-05-18,52.92,5
2021-05-17,56.17,346
2021-05-14,56.49,92
2021-05-13,54.35,2533
2021-05-12,55.17,1174
2021-05-11,52.92,131
2021-05-10,52.12,39
2021-05-07,50.35,110
2021-05-06,49.84,83
2021-05-05,49.35,491
2021-05-04,48.52,7
2021-05-03,49.33,70
2021-04-30,48.75,60
2021-04-29,47.93,22
2021-04-28,47.7,309
2021-04-27,47.21,37
2021-04-26,47.13,216
2021-04-23,46.88,49
2021-04-22,47.02,550
2021-04-21,45.83,111
2021-04-20,44.82,16
2021-04-19,44.28,25
2021-04-16,44.35,37
2021-04-15,44.1,65
2021-04-14,43.76,54
2021-04-13,43.79,1064
2021-04-12,44.42,399
2021-04-09,43.58,950
2021-04-08,43.41,654
2021-04-07,43.79,219
2021-04-06,44.17,202
2021-04-01,42.4,273
2021-03-31,42.48,20
2021-03-30,41.98,1013
2021-03-29,41.78,#N/A N/A
2021-03-26,41.66,310
2021-03-25,40.29,4657
2021-03-24,41.53,2014
2021-03-23,41.35,6671
2021-03-22,42.72,677
2021-03-19,41.84,6084
2021-03-18,42.28,4637
2021-03-17,42.86,10075
2021-03-16,41.47,6060
2021-03-15,42.29,3862
2021-03-12,42.77,1951
2021-03-11,41.85,2623
2021-03-10,41.47,3781
2021-03-09,40.58,4861
2021-03-08,39.07,1477
2021-03-05,38.96,1780
2021-03-04,38.1,2038
2021-03-03,37.41,1444
2021-03-02,38.29,15644
2021-03-01,37.07,1612
2021-02-26,37.23,1863
2021-02-25,38.2,192
2021-02-24,39.09,1720
2021-02-23,38.61,180
2021-02-22,37.91,474
2021-02-19,37.36,854
2021-02-18,38.27,629
2021-02-17,38.04,2778
2021-02-16,38.81,5002
2021-02-15,39.47,1128
2021-02-12,39.97,608
2021-02-11,38.71,3107
2021-02-10,39.28,195
2021-02-09,38.21,484
2021-02-08,38.56,192
2021-02-05,38.15,339
2021-02-04,37.23,1889
2021-02-03,37.39,496
2021-02-02,34.93,368
2021-02-01,32.81,777
2021-01-29,32.89,687
2021-01-28,33.89,41
2021-01-27,33.22,89
2021-01-26,33.29,316
2021-01-25,33.1,1486
2021-01-22,34.17,267
2021-01-21,34.03,116
2021-01-20,32.82,1102
2021-01-19,33,1769
2021-01-18,31.54,146
2021-01-15,31.65,418
2021-01-14,33.43,329
2021-01-13,33.55,1123
2021-01-12,34.56,1450
2021-01-11,34.43,88
2021-01-08,34.82,293
2021-01-07,34.66,154
2021-01-06,33.53,547
2021-01-05,32.87,329
2021-01-04,33.58,241
2020-12-31,32.59,104
2020-12-30,32.08,229
2020-12-29,32.89,963
2020-12-28,33.29,944
2020-12-24,32.06,172
2020-12-23,31.79,209
2020-12-22,31.03,443
2020-12-21,30.77,488
2020-12-18,30.96,1035
2020-12-17,31.83,2102
2020-12-16,31.66,1705
2020-12-15,32.05,891
2020-12-14,30.81,10399
2020-12-11,30.52,22111
2020-12-10,30.9,41905
2020-12-09,29.7,38578
2020-12-08,29.57,49595
2020-12-07,29.62,25359
2020-12-04,30.11,35347
2020-12-03,29,40029
2020-12-02,29.55,46194
2020-12-01,28.86,51666
2020-11-30,29.14,41220
2020-11-27,28.13,31247
2020-11-26,28.1,30300
2020-11-25,27.62,34849
2020-11-24,27.63,26473
2020-11-23,27.25,31902
2020-11-20,26.74,25862
2020-11-19,26.35,31609
2020-11-18,27.19,33451
2020-11-17,26.64,25238
2020-11-16,27.39,28218
2020-11-13,26.28,19870
2020-11-12,25.92,24806
2020-11-11,26.13,30183
2020-11-10,26.23,25296
2020-11-09,26.55,36883
2020-11-06,25.42,31548
2020-11-05,25.98,28677
2020-11-04,25.11,31108
2020-11-03,24.39,29129
2020-11-02,23.67,28628
2020-10-30,23.71,23226
2020-10-29,23.67,29854
2020-10-28,23.03,35922
2020-10-27,24.07,25527
2020-10-26,23.85,23910
2020-10-23,25.49,31137
2020-10-22,24.18,28138
2020-10-21,23.56,39376
2020-10-20,24.41,28525
2020-10-19,24.98,22965
2020-10-16,24.89,21932
2020-10-15,24.96,33610
2020-10-14,25.75,23850
2020-10-13,25.22,23138
2020-10-12,25.87,20898
2020-10-09,25.71,25416
2020-10-08,26.34,30062
2020-10-07,26.9,29278
2020-10-06,26.79,20486
2020-10-05,26.94,19033
2020-10-02,27.03,28573
2020-10-01,26.51,22669
2020-09-30,26.93,24770
2020-09-29,26.79,21015
2020-09-28,27.69,90
2020-09-25,26.15,60
2020-09-24,26.77,3
2020-09-23,26.48,#N/A N/A
2020-09-22,27.83,143
2020-09-21,26.38,142
2020-09-18,27.97,21
2020-09-17,28.41,31
2020-09-16,29.96,10
2020-09-15,29.76,16
2020-09-14,30.44,220
2020-09-11,28.24,46
2020-09-10,28.4,196
2020-09-09,27.19,1041
2020-09-08,26.78,25
2020-09-07,27.04,29
2020-09-04,27.34,25
2020-09-03,28.72,43
2020-09-02,28.21,51
2020-09-01,27.72,12
2020-08-31,28.64,5
2020-08-28,29.5,67
2020-08-27,28.35,101
2020-08-26,28.6,4
2020-08-25,28.59,108
2020-08-24,27.46,5
2020-08-21,25.63,175
2020-08-20,25.88,166
2020-08-19,26.2,53
2020-08-18,26.51,#N/A N/A
2020-08-17,26.26,6
2020-08-14,25.44,8
2020-08-13,25.4,82
2020-08-12,25.94,16
2020-08-11,26.16,6
2020-08-10,26.68,5
2020-08-07,26.38,21
2020-08-06,26.35,12
2020-08-05,26.73,7
2020-08-04,26.78,7
2020-08-03,26.07,13
2020-07-31,26.23,5
2020-07-30,25.5,8
2020-07-29,26.14,72
2020-07-28,25.69,11
2020-07-27,24.95,20
2020-07-24,26.31,12
2020-07-23,27.27,5
2020-07-22,26.57,16
2020-07-21,26.55,4
2020-07-20,26.1,125
2020-07-17,27.75,363
2020-07-16,26.54,170
2020-07-15,28.81,108
2020-07-14,29.6,525
2020-07-13,29.31,1050
2020-07-10,28.98,520
2020-07-09,28.58,77
2020-07-08,29.29,927
2020-07-07,29.36,1642
2020-07-06,29.68,144
2020-07-03,27.89,467
2020-07-02,27.35,877
2020-07-01,27.69,1657
2020-06-30,26.95,765
2020-06-29,26.55,#N/A N/A
2020-06-26,24.66,400
2020-06-25,25.11,3
2020-06-24,25.33,560
2020-06-23,25.35,538
2020-06-22,24.46,3211
2020-06-19,24.09,1491
2020-06-18,24.4,254
2020-06-17,22.69,452
2020-06-16,22.72,419
2020-06-15,22.1,22
2020-06-12,21.93,5
2020-06-11,22.21,19
2020-06-10,22.85,56
2020-06-09,22.42,58
2020-06-08,22.65,4
2020-06-05,23.17,34
2020-06-04,22.14,229
2020-06-03,22.01,29
2020-06-02,22,100
2020-06-01,20.9,#N/A N/A
2020-05-29,21.33,49
2020-05-28,21.19,15
2020-05-27,21.26,66
2020-05-26,21.53,138
2020-05-25,21.54,20
2020-05-22,21.33,#N/A N/A
2020-05-21,21.12,#N/A N/A
2020-05-20,21.19,2
2020-05-19,19.9,6
2020-05-18,20.28,2
2020-05-15,19.11,3
2020-05-14,18.77,9
2020-05-13,18.6,22
2020-05-12,18.46,37
2020-05-11,19,129
2020-05-08,19.29,212
2020-05-07,19.48,9
2020-05-06,18.94,3058
2020-05-05,19.03,530
2020-05-04,19.29,2283
2020-05-01,18.91,79
2020-04-30,19.51,914
2020-04-29,20.13,1009
2020-04-28,20.15,1108
2020-04-27,20.22,509
2020-04-24,20.68,307
2020-04-23,20.97,553
2020-04-22,20.59,1275
2020-04-21,19.79,1309
2020-04-20,21.32,1045
2020-04-17,21.64,1093
2020-04-16,20.89,1355
2020-04-15,19.2,1221
2020-04-14,19.76,258
2020-04-09,21.01,364
2020-04-08,21.06,1216
2020-04-07,20.44,207
2020-04-06,20.33,512
2020-04-03,17.89,9
2020-04-02,17.99,465
2020-04-01,17,14
2020-03-31,17.59,15
2020-03-30,16.93,4354
2020-03-27,16.26,530
2020-03-26,17.22,1166
2020-03-25,17.41,631
2020-03-24,16.7,753
2020-03-23,15.45,3762
2020-03-20,16.04,1816
2020-03-19,16.31,6879
2020-03-18,15.24,5174
2020-03-17,18.25,2770
2020-03-16,19.41,1918
2020-03-13,21.89,780
2020-03-12,22.49,316
2020-03-11,23.89,450
2020-03-10,24.07,2094
2020-03-09,23.25,238
2020-03-06,23.39,675
2020-03-05,23.77,67
2020-03-04,23.8,733
2020-03-03,23.33,2612
2020-03-02,23.49,114
2020-02-28,23.57,2633
2020-02-27,23.56,41
2020-02-26,24.22,474
2020-02-25,24.14,126
2020-02-24,24.53,154
2020-02-21,25.56,211
2020-02-20,25.59,68
2020-02-19,25.66,80
2020-02-18,25.09,121
2020-02-17,25,87
2020-02-14,24.24,259
2020-02-13,24.35,232
2020-02-12,23.83,321
2020-02-11,23.25,3044
2020-02-10,23.11,77
2020-02-07,23.26,132
2020-02-06,23.5,1611
2020-02-05,23.71,100
2020-02-04,23.3,37
2020-02-03,23.15,326
2020-01-31,23.82,1062
2020-01-30,23.67,448
2020-01-29,23.92,175
2020-01-28,24.58,113
2020-01-27,24.52,191
2020-01-24,24.3,261
2020-01-23,24.63,296
2020-01-22,24.94,70
2020-01-21,24.85,303
2020-01-20,25.11,611
2020-01-17,25.36,692
2020-01-16,24.77,1426
2020-01-15,24.43,458
2020-01-14,23.77,410
2020-01-13,24.06,80
2020-01-10,24.12,500
2020-01-09,24.58,1131
2020-01-08,23.97,1482
2020-01-07,24.47,139
2020-01-06,24.15,107
2020-01-03,24.9,149
2020-01-02,24.28,310
2019-12-31,24.52,314
2019-12-30,24.97,319
2019-12-27,26.59,170
2019-12-24,25.97,19
2019-12-23,26.43,756
2019-12-20,26.56,477
2019-12-19,26.74,245
2019-12-18,26.47,390
2019-12-17,25.95,885
2019-12-16,24.86,10466
2019-12-13,24.02,16882
2019-12-12,25.07,31531
2019-12-11,24.48,24792
2019-12-10,24.94,27588
2019-12-09,25.13,21540
2019-12-06,24.94,24732
2019-12-05,24.69,31917
2019-12-04,24.74,29759
2019-12-03,24,28670
2019-12-02,24.33,27547
2019-11-29,25.22,24136
2019-11-28,25.01,15953
2019-11-27,25.11,21494
2019-11-26,24.38,17041
2019-11-25,24.44,14282
2019-11-22,24.58,17328
2019-11-21,23.94,15662
2019-11-20,24.03,21057
2019-11-19,23.44,25726
2019-11-18,23.39,19375
2019-11-15,23.85,20348
2019-11-14,23.96,29040
2019-11-13,24.39,19385
2019-11-12,24.12,31881
2019-11-11,24.93,15801
2019-11-08,24.84,17924
2019-11-07,24.94,14741
2019-11-06,24.79,20199
2019-11-05,25.51,16967
2019-11-04,25.63,17787
2019-11-01,25.29,16317
2019-10-31,25.61,16789
2019-10-30,26,19644
2019-10-29,25.45,23710
2019-10-28,25.12,14248
2019-10-25,24.97,17008
2019-10-24,25.44,17748
2019-10-23,24.75,22863
2019-10-22,25.66,16468
2019-10-21,25.93,12661
2019-10-18,25.88,15519
2019-10-17,26.06,29377
2019-10-16,26.3,28567
2019-10-15,25.71,26589
2019-10-14,24.15,15874
2019-10-11,24.44,32416
2019-10-10,23.26,25627
2019-10-09,22.65,30125
2019-10-08,22.53,25764
2019-10-07,23.41,20056
2019-10-04,22.94,21851
2019-10-03,23.24,41373
2019-10-02,24.19,20121
2019-10-01,25.04,23723
2019-09-30,24.72,#N/A N/A
2019-09-27,25.29,#N/A N/A
2019-09-26,25.62,20
2019-09-25,25.19,#N/A N/A
2019-09-24,25.52,500
2019-09-23,25.78,#N/A N/A
2019-09-20,26.51,190
2019-09-19,25.94,400
2019-09-18,25.44,421
2019-09-17,26.2,245
2019-09-16,27.02,79
2019-09-13,26.37,162
2019-09-12,26.43,50
2019-09-11,26.27,#N/A N/A
2019-09-10,26.72,#N/A N/A
2019-09-09,25.01,200
2019-09-06,25.08,#N/A N/A
2019-09-05,25.53,#N/A N/A
2019-09-04,25.52,1647
2019-09-03,25.22,1000
2019-09-02,25.18,#N/A N/A
2019-08-30,26.31,#N/A N/A
2019-08-29,26.45,#N/A N/A
2019-08-28,26,1550
2019-08-27,25.4,#N/A N/A
2019-08-26,25.82,#N/A N/A
2019-08-23,25.08,#N/A N/A
2019-08-22,25.65,56
2019-08-21,26.01,#N/A N/A
2019-08-20,26.24,521
2019-08-19,26.55,86
2019-08-16,25.95,2000
2019-08-15,25.97,#N/A N/A
2019-08-14,26.89,#N/A N/A
2019-08-13,27.08,21
2019-08-12,26.68,#N/A N/A
2019-08-09,28.1,125
2019-08-08,28.51,200
2019-08-07,28.25,#N/A N/A
2019-08-06,28.38,#N/A N/A
2019-08-05,28.67,#N/A N/A
2019-08-02,29.23,#N/A N/A
2019-08-01,29.42,#N/A N/A
2019-07-31,27.95,#N/A N/A
2019-07-30,27.87,#N/A N/A
2019-07-29,28.39,#N/A N/A
2019-07-26,28.26,#N/A N/A
2019-07-25,28.99,#N/A N/A
2019-07-24,29.16,#N/A N/A
2019-07-23,29.78,7
2019-07-22,28.96,10
2019-07-19,28.85,2044
2019-07-18,27.74,68
2019-07-17,28.43,225
2019-07-16,28.44,11
2019-07-15,29.02,112
2019-07-12,28.76,38
2019-07-11,28.26,#N/A N/A
2019-07-10,28.16,288
2019-07-09,26.53,9
2019-07-08,26.78,2
2019-07-05,26.35,120
2019-07-04,25.98,1029
2019-07-03,26.48,#N/A N/A
2019-07-02,26.69,19
2019-07-01,26.89,#N/A N/A
2019-06-28,26.26,#N/A N/A
2019-06-27,26.87,33
2019-06-26,27.37,17
2019-06-25,26.39,#N/A N/A
2019-06-24,26.31,633
2019-06-21,25.24,1153
2019-06-20,25.03,1096
2019-06-19,24.89,1282
2019-06-18,25.05,1736
2019-06-17,24.96,523
2019-06-14,24.99,287
2019-06-13,24.9,13
2019-06-12,24.75,#N/A N/A
2019-06-11,24.91,41
2019-06-10,25.13,#N/A N/A
2019-06-07,24.44,#N/A N/A
2019-06-06,23.91,#N/A N/A
2019-06-05,24.18,#N/A N/A
2019-06-04,24.49,16
2019-06-03,23.67,#N/A N/A
2019-05-31,24.39,#N/A N/A
2019-05-30,25.22,4
2019-05-29,25.45,52
2019-05-28,25.4,20
2019-05-27,25.51,#N/A N/A
2019-05-24,25.4,3
2019-05-23,25.99,5
2019-05-22,26.3,#N/A N/A
2019-05-21,25.32,209
2019-05-20,25.13,#N/A N/A
2019-05-17,24.93,1
2019-05-16,25.5,#N/A N/A
2019-05-15,25.9,#N/A N/A
2019-05-14,25.82,2
2019-05-13,24.96,5
2019-05-10,25.55,#N/A N/A
2019-05-09,26.43,#N/A N/A
2019-05-08,26.83,#N/A N/A
2019-05-07,26.33,91
2019-05-06,25.26,20
2019-05-03,25.13,64
2019-05-02,24.63,36
2019-05-01,25.71,#N/A N/A
2019-04-30,26.22,9
2019-04-29,26.31,#N/A N/A
2019-04-26,25.78,16
2019-04-25,27.21,160
2019-04-24,27.34,52
2019-04-23,27.47,42
2019-04-22,26.83,#N/A N/A
2019-04-18,26.83,50
2019-04-17,27.4,43
2019-04-16,26.94,36
2019-04-15,26.75,28
2019-04-12,26.52,59
2019-04-11,27.26,136
2019-04-10,26.07,631
2019-04-09,25.47,50
2019-04-08,24.25,35
2019-04-05,24.54,1
2019-04-04,24.38,750
2019-04-03,23.1,#N/A N/A
2019-04-02,21.95,60
2019-04-01,21.85,116
2019-03-29,21.47,170
2019-03-28,22.19,120
2019-03-27,21.78,195
2019-03-26,21.47,75
2019-03-25,20.83,2261
2019-03-22,20.56,233
2019-03-21,20.83,4764
2019-03-20,21.53,2087
2019-03-19,21.01,1505
2019-03-18,21.71,1186
2019-03-15,22.36,935
2019-03-14,22.63,1063
2019-03-13,22.17,245
2019-03-12,22.22,462
2019-03-11,22.18,2824
2019-03-08,22.91,2005
2019-03-07,23.17,2009
2019-03-06,22.04,2058
2019-03-05,22.83,249
2019-03-04,23.03,1105
2019-03-01,22.18,124
2019-02-28,21.59,575
2019-02-27,21.17,74
2019-02-26,19.56,143
2019-02-25,19.15,705
2019-02-22,18.85,145
2019-02-21,18.71,2375
2019-02-20,20.37,1531
2019-02-19,20.1,202
2019-02-18,19.9,789
2019-02-15,20.31,37
2019-02-14,19.68,93
2019-02-13,20.83,377
2019-02-12,20.58,155
2019-02-11,22.27,52
2019-02-08,22.24,120
2019-02-07,23.34,41
2019-02-06,23.56,473
2019-02-05,23.03,402
2019-02-04,22.92,45
2019-02-01,21.85,84
2019-01-31,22.16,60
2019-01-30,22.91,30
2019-01-29,23.24,557
2019-01-28,22.62,360
2019-01-25,23.78,443
2019-01-24,23.9,1499
2019-01-23,24.55,232
2019-01-22,25.03,518
2019-01-21,24.3,221
2019-01-18,24.69,1939
2019-01-17,23.51,361
2019-01-16,23.25,1425
2019-01-15,22.49,6565
2019-01-14,22.41,1065
2019-01-11,22.6,3465
2019-01-10,21.95,2738
2019-01-09,21.87,698
2019-01-08,22.68,480
2019-01-07,22.09,3483
2019-01-04,23.54,3019
2019-01-03,23.08,4735
2019-01-02,25.06,1229
2018-12-31,24.73,25
2018-12-28,24.7,1063
2018-12-27,24.73,690
2018-12-26,24.9,#N/A N/A
2018-12-24,24.9,522
2018-12-21,24.65,287
2018-12-20,24.23,537
2018-12-19,24.38,207
2018-12-18,24.09,449
2018-12-17,24.26,9930
2018-12-14,23.37,24187
2018-12-13,22.32,46757
2018-12-12,21.47,36735
2018-12-11,20.16,32496
2018-12-10,20.86,28934
2018-12-07,20.29,17422
2018-12-06,19.99,45439
2018-12-05,19.67,29380
2018-12-04,20.73,20024
2018-12-03,20.63,20570
2018-11-30,20.5,13450
2018-11-29,20.02,24467
2018-11-28,19.29,24599
2018-11-27,19.6,16237
2018-11-26,19.83,21754
2018-11-23,20.21,48826
2018-11-22,20.92,26532
2018-11-21,20.49,24019
2018-11-20,19.46,29511
2018-11-19,18.93,21400
2018-11-16,19.11,22803
2018-11-15,19,36165
2018-11-14,19.73,24703
2018-11-13,20.14,38135
2018-11-12,20.5,28035
2018-11-09,19.5,29569
2018-11-08,19.56,42269
2018-11-07,18.62,32256
2018-11-06,17.57,25763
2018-11-05,17.23,19034
2018-11-02,17.08,26435
2018-11-01,15.62,28389
2018-10-31,16.36,34144
2018-10-30,16.02,50043
2018-10-29,16.68,40672
2018-10-26,18.28,24653
2018-10-25,19.08,27781
2018-10-24,19.61,24866
2018-10-23,19.23,26024
2018-10-22,19,24825
2018-10-19,19.71,22439
2018-10-18,19.74,39411
2018-10-17,19.27,36723
2018-10-16,19.29,43632
2018-10-15,18.58,36348
2018-10-12,20.37,38823
2018-10-11,19.87,47115
2018-10-10,19.46,56202
2018-10-09,20.79,35135
2018-10-08,21.94,27167
2018-10-05,22.16,23409
2018-10-04,21.34,23448
2018-10-03,21.18,31023
2018-10-02,20.98,25410
2018-10-01,21.37,26889
2018-09-28,21.21,32379
2018-09-27,20.83,40507
2018-09-26,20.24,53890
2018-09-25,21.25,43646
2018-09-24,22.37,135
2018-09-21,22.08,10
2018-09-20,21.98,#N/A N/A
2018-09-19,21.43,7
2018-09-18,20.19,#N/A N/A
2018-09-17,20.9,5
2018-09-14,19.94,54
2018-09-13,18.87,47
2018-09-12,22.92,45
2018-09-11,24.13,177
2018-09-10,25.19,25
2018-09-07,23.19,177
2018-09-06,21.44,130
2018-09-05,20.34,97
2018-09-04,20.14,75
2018-09-03,20.12,361
2018-08-31,21.06,36
2018-08-30,21.13,139
2018-08-29,21.02,520
2018-08-28,20.65,41
2018-08-27,21.28,10
2018-08-24,20.65,20
2018-08-23,20.36,61
2018-08-22,19.78,32
2018-08-21,19.29,45
2018-08-20,18.47,35
2018-08-17,18.12,55
2018-08-16,17.97,46
2018-08-15,18.07,#N/A N/A
2018-08-14,18.14,40
2018-08-13,18.04,72
2018-08-10,17.87,91
2018-08-09,17.58,49
2018-08-08,17.38,38
2018-08-07,17.49,46
2018-08-06,17.55,35
2018-08-03,17.65,1465
2018-08-02,17.61,35
2018-08-01,17.76,35
2018-07-31,17.38,145
2018-07-30,17.03,156
2018-07-27,17.11,103
2018-07-26,17.28,111
2018-07-25,17.33,30
2018-07-24,17.09,305
2018-07-23,17.38,42
2018-07-20,17.06,18
2018-07-19,16.85,46
2018-07-18,16.4,30
2018-07-17,16.07,74
2018-07-16,15.92,52
2018-07-13,16.05,53
2018-07-12,16.08,36
2018-07-11,16.31,165
2018-07-10,16.04,51
2018-07-09,15.99,161
2018-07-06,15.69,7845
2018-07-05,15.67,57
2018-07-04,15.51,25
2018-07-03,15.09,25
2018-07-02,15.06,40
2018-06-29,14.98,#N/A N/A
2018-06-28,14.99,101
2018-06-27,15.24,130
2018-06-26,15.01,121
2018-06-25,14.99,72
2018-06-22,15.09,#N/A N/A
2018-06-21,14.78,#N/A N/A
2018-06-20,14.47,1462
2018-06-19,14.21,#N/A N/A
2018-06-18,14.57,16
2018-06-15,14.5,13
2018-06-14,14.88,10
2018-06-13,15.28,10
2018-06-12,15.12,35
2018-06-11,15.46,10
2018-06-08,15.79,#N/A N/A
2018-06-07,15.97,515
2018-06-06,15.9,6
2018-06-05,15.74,6
2018-06-04,16.1,5
2018-06-01,15.26,10
2018-05-31,14.88,5
2018-05-30,15.81,17
2018-05-29,16.27,25
2018-05-28,16.28,#N/A N/A
2018-05-25,15.97,10
2018-05-24,16.26,15
2018-05-23,15.98,20
2018-05-22,15.92,15
2018-05-21,15.53,15
2018-05-18,15.22,15
2018-05-17,15.27,15
2018-05-16,15.15,761
2018-05-15,14.29,15
2018-05-14,14.6,1261
2018-05-11,14.6,#N/A N/A
2018-05-10,14.57,#N/A N/A
2018-05-09,13.96,12
2018-05-08,13.56,10
2018-05-07,13.58,5
2018-05-04,12.98,20
2018-05-03,12.92,25
2018-05-02,13.02,10
2018-05-01,13.35,#N/A N/A
2018-04-30,13.56,20
2018-04-27,13.53,50
2018-04-26,13.46,25
2018-04-25,13.23,15
2018-04-24,13.2,31
2018-04-23,12.86,45
2018-04-20,13.02,5
2018-04-19,13.43,15
2018-04-18,13.86,10
2018-04-17,13.71,15
2018-04-16,13.97,#N/A N/A
2018-04-13,13.91,5
2018-04-12,13.56,10
2018-04-11,13.4,10
2018-04-10,13.35,#N/A N/A
2018-04-09,13.3,#N/A N/A
2018-04-06,12.96,#N/A N/A
2018-04-05,12.61,10
2018-04-04,13.03,25
2018-04-03,13.27,20
2018-03-29,13.26,10
2018-03-28,12.96,30
2018-03-27,13.65,20
2018-03-26,12.96,25
2018-03-23,12.58,#N/A N/A
2018-03-22,12.31,#N/A N/A
2018-03-21,12.62,#N/A N/A
2018-03-20,11.52,5
2018-03-19,11.04,809
2018-03-16,11.15,767
2018-03-15,11.16,7013
2018-03-14,11.16,255
2018-03-13,11.38,110
2018-03-12,11.06,240
2018-03-09,11.1,147
2018-03-08,11.1,156
2018-03-07,10.62,118
2018-03-06,10.45,237
2018-03-05,10.34,201
2018-03-02,10.12,167
2018-03-01,9.97,1379
2018-02-28,10.08,130
2018-02-27,10.13,176
2018-02-26,9.61,238
2018-02-23,9.79,13677
2018-02-22,9.7,86
2018-02-21,9.54,127
2018-02-20,9.7,154
2018-02-19,9.86,63
2018-02-16,9.5,47
2018-02-15,9.52,73
2018-02-14,9.58,240
2018-02-13,9.87,60
2018-02-12,9.46,112
2018-02-09,9.21,112
2018-02-08,9.1,27
2018-02-07,8.97,71
2018-02-06,8.78,108
2018-02-05,9.05,2073
2018-02-02,8.94,81
2018-02-01,9.25,47
2018-01-31,9.26,130
2018-01-30,8.86,139
2018-01-29,8.98,134
2018-01-26,9.07,297
2018-01-25,9.22,674
2018-01-24,9.43,2659
2018-01-23,8.99,108
2018-01-22,8.73,214
2018-01-19,8.74,198
2018-01-18,8.47,130
2018-01-17,8.16,14
2018-01-16,8.03,57
2018-01-15,7.78,202
2018-01-12,7.84,67
2018-01-11,7.8,365
2018-01-10,7.87,#N/A N/A
2018-01-09,7.76,53
2018-01-08,7.64,242
2018-01-05,7.76,14
2018-01-04,7.75,205
2018-01-03,7.81,180
2018-01-02,7.78,60
2017-12-29,8.15,325
2017-12-28,8.18,2790
2017-12-27,8.14,1440
2017-12-26,8.16,#N/A N/A
2017-12-22,8.16,155
2017-12-21,8,424
2017-12-20,7.79,5295
2017-12-19,7.52,112
2017-12-18,7.39,13043
2017-12-15,7.18,33620
2017-12-14,7.09,40990
2017-12-13,7.07,42024
2017-12-12,7.14,32793
2017-12-11,7.2,22329
2017-12-08,7.14,15526
2017-12-07,7.35,12374
2017-12-06,7.27,17026
2017-12-05,7.43,12933
2017-12-04,7.55,17606
2017-12-01,7.68,16013
2017-11-30,7.53,11551
2017-11-29,7.7,20674
2017-11-28,7.59,14588
2017-11-27,7.7,11529
2017-11-24,7.77,13917
2017-11-23,7.66,23003
2017-11-22,7.37,21479
2017-11-21,7.39,9105
2017-11-20,7.44,13728
2017-11-17,7.48,10050
2017-11-16,7.5,13527
2017-11-15,7.69,13159
2017-11-14,7.39,15799
2017-11-13,7.35,9146
2017-11-10,7.4,17856
2017-11-09,7.55,23609
2017-11-08,7.72,11045
2017-11-07,7.75,14009
2017-11-06,7.92,10389
2017-11-03,7.88,12052
2017-11-02,7.66,12867
2017-11-01,7.51,13723
2017-10-31,7.37,13296
2017-10-30,7.14,16414
2017-10-27,7.17,24094
2017-10-26,7.2,15826
2017-10-25,7.4,17711
2017-10-24,7.47,14802
2017-10-23,7.44,8612
2017-10-20,7.57,14137
2017-10-19,7.65,17820
2017-10-18,7.81,19011
2017-10-17,7.42,11611
2017-10-16,7.36,8078
2017-10-13,7.32,15999
2017-10-12,7.41,14723
2017-10-11,7.38,17270
2017-10-10,7.39,18895
2017-10-09,6.96,9773
2017-10-06,7,13151
2017-10-05,6.89,10730
2017-10-04,6.9,13852
2017-10-03,7,7722
2017-10-02,6.94,14233
2017-09-29,7.07,12703
2017-09-28,6.96,26580
2017-09-27,6.93,16235
2017-09-26,6.98,30624
2017-09-25,7.27,#N/A N/A
2017-09-22,6.64,2
2017-09-21,6.55,16
2017-09-20,6.9,#N/A N/A
2017-09-19,7.02,2
2017-09-18,6.72,#N/A N/A
2017-09-15,6.94,4
2017-09-14,7.09,#N/A N/A
2017-09-13,7.09,6
2017-09-12,6.86,#N/A N/A
2017-09-11,6.87,#N/A N/A
2017-09-08,7.06,#N/A N/A
2017-09-07,6.89,#N/A N/A
2017-09-06,6.69,1
2017-09-05,6.49,#N/A N/A
2017-09-04,5.91,#N/A N/A
2017-09-01,5.82,#N/A N/A
2017-08-31,5.93,100
2017-08-30,6.02,#N/A N/A
2017-08-29,6.03,50
2017-08-28,6.09,5
2017-08-25,6.08,50
2017-08-24,5.94,#N/A N/A
2017-08-23,5.94,50
2017-08-22,5.77,#N/A N/A
2017-08-21,5.74,#N/A N/A
2017-08-18,5.81,#N/A N/A
2017-08-17,5.8,50
2017-08-16,5.79,#N/A N/A
2017-08-15,5.52,#N/A N/A
2017-08-14,5.51,#N/A N/A
2017-08-11,5.38,50
2017-08-10,5.36,50
2017-08-09,5.36,#N/A N/A
2017-08-08,5.26,#N/A N/A
2017-08-07,5.26,#N/A N/A
2017-08-04,5.34,50
2017-08-03,5.42,#N/A N/A
2017-08-02,5.42,#N/A N/A
2017-08-01,5.29,#N/A N/A
2017-07-31,5.22,50
2017-07-28,5.17,50
2017-07-27,5.13,50
2017-07-26,5.24,50
2017-07-25,5.15,#N/A N/A
2017-07-24,5.13,50
2017-07-21,5.08,50
2017-07-20,5.29,50
2017-07-19,5.38,#N/A N/A
2017-07-18,5.45,50
2017-07-17,5.43,50
2017-07-14,5.41,60
2017-07-13,5.35,#N/A N/A
2017-07-12,5.47,50
2017-07-11,5.32,60
2017-07-10,5.39,#N/A N/A
2017-07-07,5.33,#N/A N/A
2017-07-06,5.23,60
2017-07-05,5.04,50
2017-07-04,5.11,50
2017-07-03,5.13,#N/A N/A
2017-06-30,5.02,55
2017-06-29,5.06,#N/A N/A
2017-06-28,4.93,50
2017-06-27,4.93,#N/A N/A
2017-06-26,4.77,#N/A N/A
2017-06-23,4.86,#N/A N/A
2017-06-22,4.86,55
2017-06-21,4.87,50
2017-06-20,4.94,61
2017-06-19,4.92,#N/A N/A
2017-06-16,4.87,2
2017-06-15,4.95,1050
2017-06-14,4.93,3000
2017-06-13,5,#N/A N/A
2017-06-12,4.91,9
2017-06-09,5.04,100
2017-06-08,5.04,#N/A N/A
2017-06-07,4.87,#N/A N/A
2017-06-06,4.97,50
2017-06-05,5.17,#N/A N/A
2017-06-02,5.16,#N/A N/A
2017-06-01,5.08,#N/A N/A
2017-05-31,4.98,50
2017-05-30,5.14,#N/A N/A
2017-05-29,5.17,#N/A N/A
2017-05-26,5.19,120
2017-05-25,4.98,#N/A N/A
2017-05-24,4.91,50
2017-05-23,4.75,50
2017-05-22,4.9,#N/A N/A
2017-05-19,4.85,#N/A N/A
2017-05-18,4.76,50
2017-05-17,4.58,#N/A N/A
2017-05-16,4.54,50
2017-05-15,4.39,#N/A N/A
2017-05-12,4.46,#N/A N/A
2017-05-11,4.35,50
2017-05-10,4.45,#N/A N/A
2017-05-09,4.52,50
2017-05-08,4.42,#N/A N/A
2017-05-05,4.58,50
2017-05-04,4.52,50
2017-05-03,4.4,#N/A N/A
2017-05-02,4.45,#N/A N/A
2017-05-01,4.57,#N/A N/A
2017-04-28,4.57,#N/A N/A
2017-04-27,4.55,#N/A N/A
2017-04-26,4.61,#N/A N/A
2017-04-25,4.5,#N/A N/A
2017-04-24,4.64,#N/A N/A
2017-04-21,4.57,#N/A N/A
2017-04-20,4.75,#N/A N/A
2017-04-19,4.83,#N/A N/A
2017-04-18,4.86,#N/A N/A
2017-04-17,4.95,#N/A N/A
2017-04-13,4.95,#N/A N/A
2017-04-12,4.93,#N/A N/A
2017-04-11,4.87,#N/A N/A
2017-04-10,4.79,#N/A N/A
2017-04-07,4.89,#N/A N/A
2017-04-06,5.06,#N/A N/A
2017-04-05,4.82,#N/A N/A
2017-04-04,4.65,#N/A N/A
2017-04-03,4.87,#N/A N/A
2017-03-31,4.69,#N/A N/A
2017-03-30,4.92,#N/A N/A
2017-03-29,4.76,#N/A N/A
2017-03-28,4.74,#N/A N/A
2017-03-27,4.62,676
2017-03-24,4.76,374
2017-03-23,4.97,180
2017-03-22,4.96,321
2017-03-21,4.93,4121
2017-03-20,4.99,429
2017-03-17,5.13,390
2017-03-16,5.14,192
2017-03-15,5.19,53
2017-03-14,5.1,301
2017-03-13,5.15,5
2017-03-10,5.16,87
2017-03-09,5.12,223
2017-03-08,5.23,241
2017-03-07,5.37,192
2017-03-06,5.48,1504
2017-03-03,5.59,246
2017-03-02,5.46,195
2017-03-01,5.9,1675
2017-02-28,5.23,182
2017-02-27,5.19,31
2017-02-24,5.38,154
2017-02-23,5.34,46
2017-02-22,5.06,69
2017-02-21,5.04,64
2017-02-20,5.08,6
2017-02-17,4.97,309
2017-02-16,4.93,116
2017-02-15,5.06,155
2017-02-14,5.13,25
2017-02-13,4.9,29
2017-02-10,5.12,286
2017-02-09,5.28,7
2017-02-08,5.21,#N/A N/A
2017-02-07,5.16,#N/A N/A
2017-02-06,5.09,59
2017-02-03,5.15,8
2017-02-02,5.22,20
2017-02-01,5.27,42
2017-01-31,5.35,97
2017-01-30,5.16,54
2017-01-27,4.92,107
2017-01-26,5.19,288
2017-01-25,4.97,443
2017-01-24,5.07,345
2017-01-23,5.31,2533
2017-01-20,5.42,93
2017-01-19,5.2,475
2017-01-18,4.84,208
2017-01-17,5,52
2017-01-16,4.7,278
2017-01-13,5.04,1041
2017-01-12,5.04,151
2017-01-11,5.52,1162
2017-01-10,5.51,175
2017-01-09,5.27,105
2017-01-06,5.05,123
2017-01-05,5.29,373
2017-01-04,5.72,216
2017-01-03,5.43,161
2017-01-02,6.12,81
2016-12-30,6.55,27
2016-12-29,6.36,34
2016-12-28,6.33,36
2016-12-27,6.33,22
2016-12-23,6.23,47
2016-12-22,6.08,351
2016-12-21,5.81,3928
2016-12-20,5.24,88
2016-12-19,5.09,16004
2016-12-16,4.93,22511
2016-12-15,4.84,20358
2016-12-14,5.01,25669
2016-12-13,4.79,23633
2016-12-12,4.87,20871
2016-12-09,4.46,16739
2016-12-08,4.61,16365
2016-12-07,4.3,19141
2016-12-06,4.5,20978
2016-12-05,4.37,23625
2016-12-02,4.3,23234
2016-12-01,4.46,15000
2016-11-30,4.58,16816
2016-11-29,4.56,21128
2016-11-28,4.74,17187
2016-11-25,5,23778
2016-11-24,5.34,11285
2016-11-23,5.39,11257
2016-11-22,5.51,18325
2016-11-21,5.48,11085
2016-11-18,5.58,11801
2016-11-17,5.9,20063
2016-11-16,5.55,12201
2016-11-15,5.74,12568
2016-11-14,5.41,14932
2016-11-11,5.67,15169
2016-11-10,5.92,9601
2016-11-09,6.13,12134
2016-11-08,6.15,14380
2016-11-07,6.23,12740
2016-11-04,6.41,10084
2016-11-03,6.5,19585
2016-11-02,6.24,17214
2016-11-01,6.03,12634
2016-10-31,5.9,12806
2016-10-28,5.88,7197
2016-10-27,5.81,12619
2016-10-26,5.94,12299
2016-10-25,5.81,10315
2016-10-24,5.81,7817
2016-10-21,5.89,9944
2016-10-20,5.58,10695
2016-10-19,5.67,16027
2016-10-18,5.95,13428
2016-10-17,5.87,9987
2016-10-14,5.81,9972
2016-10-13,5.65,10026
2016-10-12,5.52,10280
2016-10-11,5.43,11204
2016-10-10,5.66,11694
2016-10-07,5.69,16061
2016-10-06,5.86,28071
2016-10-05,5.48,16396
2016-10-04,5.21,11727
2016-10-03,5.31,15142
2016-09-30,4.96,14555
2016-09-29,5.02,21638
2016-09-28,4.95,26242
2016-09-27,4.43,12295
2016-09-26,4.62,95
2016-09-23,4.54,10
2016-09-22,4.42,#N/A N/A
2016-09-21,4.21,15
2016-09-20,4.16,#N/A N/A
2016-09-19,4.4,2
2016-09-16,4.36,#N/A N/A
2016-09-15,4.14,3
2016-09-14,3.98,#N/A N/A
2016-09-13,4.02,#N/A N/A
2016-09-12,4.03,#N/A N/A
2016-09-09,4.08,#N/A N/A
2016-09-08,4.08,#N/A N/A
2016-09-07,4.01,#N/A N/A
2016-09-06,4.13,#N/A N/A
2016-09-05,3.93,#N/A N/A
2016-09-02,4.08,12
2016-09-01,4.37,#N/A N/A
2016-08-31,4.46,#N/A N/A
2016-08-30,4.54,1200
2016-08-29,4.69,#N/A N/A
2016-08-26,4.69,#N/A N/A
2016-08-25,4.7,#N/A N/A
2016-08-24,4.6,#N/A N/A
2016-08-23,4.7,#N/A N/A
2016-08-22,4.89,#N/A N/A
2016-08-19,4.76,#N/A N/A
2016-08-18,4.68,#N/A N/A
2016-08-17,4.48,#N/A N/A
2016-08-16,4.69,#N/A N/A
2016-08-15,4.8,#N/A N/A
2016-08-12,4.89,#N/A N/A
2016-08-11,4.87,#N/A N/A
2016-08-10,4.76,#N/A N/A
2016-08-09,4.87,40
2016-08-08,4.94,#N/A N/A
2016-08-05,4.72,#N/A N/A
2016-08-04,4.69,#N/A N/A
2016-08-03,4.63,#N/A N/A
2016-08-02,4.41,#N/A N/A
2016-08-01,4.37,#N/A N/A
2016-07-29,4.42,5
2016-07-28,4.48,#N/A N/A
2016-07-27,4.53,60
2016-07-26,4.51,60
2016-07-25,4.59,100
2016-07-22,4.56,60
2016-07-21,4.65,181
2016-07-20,4.69,374
2016-07-19,4.67,60
2016-07-18,4.85,10
2016-07-15,4.93,#N/A N/A
2016-07-14,4.78,#N/A N/A
2016-07-13,4.79,#N/A N/A
2016-07-12,4.63,#N/A N/A
2016-07-11,4.43,#N/A N/A
2016-07-08,4.55,#N/A N/A
2016-07-07,4.58,#N/A N/A
2016-07-06,4.59,#N/A N/A
2016-07-05,4.71,60
2016-07-04,4.97,35
2016-07-01,4.62,36
2016-06-30,4.47,50
2016-06-29,4.52,126
2016-06-28,4.69,200
2016-06-27,4.76,56
2016-06-24,4.95,5
2016-06-23,5.63,100
2016-06-22,5.67,2002
2016-06-21,5.54,110
2016-06-20,5.84,100
2016-06-17,5.66,71
2016-06-16,5.7,180
2016-06-15,5.89,175
2016-06-14,5.84,#N/A N/A
2016-06-13,5.84,140
2016-06-10,5.94,117
2016-06-09,6.1,73
2016-06-08,6.09,#N/A N/A
2016-06-07,6.1,70
2016-06-06,6.19,#N/A N/A
2016-06-03,5.93,60
2016-06-02,6.01,#N/A N/A
2016-06-01,5.95,60
2016-05-31,6.08,1750
2016-05-30,6.1,#N/A N/A
2016-05-27,6.02,#N/A N/A
2016-05-26,6.01,60
2016-05-25,5.85,50
2016-05-24,5.78,2
2016-05-23,5.72,#N/A N/A
2016-05-20,5.95,#N/A N/A
2016-05-19,5.98,60
2016-05-18,6.05,#N/A N/A
2016-05-17,6.04,#N/A N/A
2016-05-16,6.1,60
2016-05-13,5.84,#N/A N/A
2016-05-12,5.8,1
2016-05-11,6.01,67
2016-05-10,5.89,#N/A N/A
2016-05-09,5.69,50
2016-05-06,5.85,#N/A N/A
2016-05-05,6.19,50
2016-05-04,6.12,#N/A N/A
2016-05-03,5.98,#N/A N/A
2016-05-02,6.1,#N/A N/A
2016-04-29,6.17,2
2016-04-28,6.33,#N/A N/A
2016-04-27,6.83,90
2016-04-26,6.61,#N/A N/A
2016-04-25,5.89,#N/A N/A
2016-04-22,5.96,8
2016-04-21,5.74,60
2016-04-20,5.54,#N/A N/A
2016-04-19,5.56,#N/A N/A
2016-04-18,5.46,60
2016-04-15,5.47,#N/A N/A
2016-04-14,5.6,#N/A N/A
2016-04-13,5.53,55
2016-04-12,5.58,#N/A N/A
2016-04-11,5.57,55
2016-04-08,5.41,#N/A N/A
2016-04-07,5.27,50
2016-04-06,5.3,#N/A N/A
2016-04-05,5.23,50
2016-04-04,5.32,#N/A N/A
2016-04-01,5.16,50
2016-03-31,5.2,#N/A N/A
2016-03-30,4.95,#N/A N/A
2016-03-29,4.77,53
2016-03-28,4.84,#N/A N/A
2016-03-24,4.84,#N/A N/A
2016-03-23,4.79,#N/A N/A
2016-03-22,4.81,57
2016-03-21,4.86,#N/A N/A
2016-03-18,4.93,#N/A N/A
2016-03-17,4.99,#N/A N/A
2016-03-16,4.95,55
2016-03-15,4.85,#N/A N/A
2016-03-14,4.85,275
2016-03-11,4.98,1534
2016-03-10,4.9,1319
2016-03-09,5.07,554
2016-03-08,5.01,243
2016-03-07,5.09,181
2016-03-04,4.92,764
2016-03-03,4.88,1814
2016-03-02,4.95,815
2016-03-01,4.99,143
2016-02-29,5,111
2016-02-26,4.99,72
2016-02-25,5.07,1008
2016-02-24,4.86,219
2016-02-23,4.9,181
2016-02-22,5.41,1144
2016-02-19,5.16,172
2016-02-18,5.25,279
2016-02-17,5.08,174
2016-02-16,4.68,271
2016-02-15,4.79,72
2016-02-12,5.05,235
2016-02-11,4.73,492
2016-02-10,4.87,2132
2016-02-09,4.95,505
2016-02-08,5.23,415
2016-02-05,5.54,422
2016-02-04,5.6,531
2016-02-03,5.62,627
2016-02-02,5.82,391
2016-02-01,5.69,456
2016-01-29,6.05,78
2016-01-28,6.07,212
2016-01-27,5.91,74
2016-01-26,6.08,130
2016-01-25,5.88,1214
2016-01-22,6.33,533
2016-01-21,6.18,1706
2016-01-20,6.32,1114
2016-01-19,6.82,398
2016-01-18,6.73,467
2016-01-15,6.68,950
2016-01-14,7.1,351
2016-01-13,7.25,1991
2016-01-12,7.11,1499
2016-01-11,7.14,1338
2016-01-08,7.42,1181
2016-01-07,7.56,1720
2016-01-06,7.77,483
2016-01-05,8.02,428
2016-01-04,8.07,420
2015-12-31,8.25,145
2015-12-30,8.24,173
2015-12-29,8.3,157
2015-12-28,8.33,15
2015-12-24,8.21,141
2015-12-23,8.25,256
2015-12-22,8.28,305
2015-12-21,8.22,656
2015-12-18,8.09,1849
2015-12-17,8.1,299
2015-12-16,8.16,316
2015-12-15,8.21,236
2015-12-14,8.07,23522
2015-12-11,8.07,24792
2015-12-10,8.36,35114
2015-12-09,8.4,17266
2015-12-08,8.41,25715
2015-12-07,8.41,28898
2015-12-04,8.52,36044
2015-12-03,8.59,22650
2015-12-02,8.48,20933
2015-12-01,8.56,11407
2015-11-30,8.58,15670
2015-11-27,8.58,7459
2015-11-26,8.58,10986
2015-11-25,8.62,10373
2015-11-24,8.65,16290
2015-11-23,8.56,15138
2015-11-20,8.51,10984
2015-11-19,8.63,9441
2015-11-18,8.58,11780
2015-11-17,8.61,13694
2015-11-16,8.53,12837
2015-11-13,8.39,7598
2015-11-12,8.37,14327
2015-11-11,8.44,11961
2015-11-10,8.44,15956
2015-11-09,8.32,9684
2015-11-06,8.41,10919
2015-11-05,8.47,8576
2015-11-04,8.4,20347
2015-11-03,8.45,18927
2015-11-02,8.6,9456
2015-10-30,8.64,6041
2015-10-29,8.68,8546
2015-10-28,8.57,16994
2015-10-27,8.61,10688
2015-10-26,8.66,7487
2015-10-23,8.63,13869
2015-10-22,8.48,16659
2015-10-21,8.45,8598
2015-10-20,8.47,43833
2015-10-19,8.35,7346
2015-10-16,8.39,9337
2015-10-15,8.43,11989
2015-10-14,8.44,12664
2015-10-13,8.33,7699
2015-10-12,8.3,10914
2015-10-09,8.35,15175
2015-10-08,8.13,7180
2015-10-07,8.11,11511
2015-10-06,8.22,7920
2015-10-05,8.21,8309
2015-10-02,8.15,10217
2015-10-01,8.17,11088
2015-09-30,8.15,36240
2015-09-29,7.98,9716
2015-09-28,7.9,578
2015-09-25,7.98,614
2015-09-24,7.99,170
2015-09-23,8.05,#N/A N/A
2015-09-22,8,70
2015-09-21,7.96,15
2015-09-18,8.09,5
2015-09-17,8.21,#N/A N/A
2015-09-16,8.21,#N/A N/A
2015-09-15,8.15,2900
2015-09-14,8.21,40
2015-09-11,8.24,154
2015-09-10,8.26,6
2015-09-09,8.25,5
2015-09-08,8.22,5
2015-09-07,8.06,#N/A N/A
2015-09-04,8.07,#N/A N/A
2015-09-03,8.15,10
2015-09-02,8.1,21
2015-09-01,7.99,100
2015-08-31,8.05,#N/A N/A
2015-08-28,8.09,20
2015-08-27,8.03,136
2015-08-26,8.08,#N/A N/A
2015-08-25,8.23,#N/A N/A
2015-08-24,8.16,1
2015-08-21,8.19,41
2015-08-20,8.35,1
2015-08-19,8.33,6
2015-08-18,8.26,#N/A N/A
2015-08-17,8.23,#N/A N/A
2015-08-14,8.31,#N/A N/A
2015-08-13,8.18,#N/A N/A
2015-08-12,8.18,#N/A N/A
2015-08-11,8.08,#N/A N/A
2015-08-10,7.91,50
2015-08-07,7.77,#N/A N/A
2015-08-06,7.83,#N/A N/A
2015-08-05,7.82,#N/A N/A
2015-08-04,7.89,#N/A N/A
2015-08-03,7.94,#N/A N/A
2015-07-31,7.86,#N/A N/A
2015-07-30,7.87,33
2015-07-29,8.05,#N/A N/A
2015-07-28,8.01,#N/A N/A
2015-07-27,8.01,#N/A N/A
2015-07-24,8,#N/A N/A
2015-07-23,8.07,#N/A N/A
2015-07-22,7.95,#N/A N/A
2015-07-21,7.95,114
2015-07-20,7.97,200
2015-07-17,7.73,#N/A N/A
2015-07-16,7.65,#N/A N/A
2015-07-15,7.75,10
2015-07-14,7.72,50
2015-07-13,7.78,140
2015-07-10,7.61,#N/A N/A
2015-07-09,7.48,#N/A N/A
2015-07-08,7.45,#N/A N/A
2015-07-07,7.46,#N/A N/A
2015-07-06,7.37,#N/A N/A
2015-07-03,7.43,#N/A N/A
2015-07-02,7.44,#N/A N/A
2015-07-01,7.48,#N/A N/A
2015-06-30,7.44,#N/A N/A
2015-06-29,7.33,1091
2015-06-26,7.52,310
2015-06-25,7.58,515
2015-06-24,7.48,4324
2015-06-23,7.48,245
2015-06-22,7.46,50
2015-06-19,7.41,120
2015-06-18,7.45,10
2015-06-17,7.46,61
2015-06-16,7.41,95
2015-06-15,7.51,1540
2015-06-12,7.61,951
2015-06-11,7.5,45
2015-06-10,7.58,275
2015-06-09,7.56,4621
2015-06-08,7.44,105
2015-06-05,7.4,55
2015-06-04,7.39,82
2015-06-03,7.48,101
2015-06-02,7.44,983
2015-06-01,7.24,10
2015-05-29,7.32,1046
2015-05-28,7.18,74
2015-05-27,7.17,47
2015-05-26,7.22,44
2015-05-25,7.36,40
2015-05-22,7.3,41
2015-05-21,7.3,15
2015-05-20,7.35,35
2015-05-19,7.37,40
2015-05-18,7.6,45
2015-05-15,7.59,61
2015-05-14,7.56,40
2015-05-13,7.65,35
2015-05-12,7.6,40
2015-05-11,7.63,15
2015-05-08,7.54,50
2015-05-07,7.44,35
2015-05-06,7.54,35
2015-05-05,7.56,50
2015-05-04,7.59,#N/A N/A
2015-05-01,7.49,#N/A N/A
2015-04-30,7.4,40
2015-04-29,7.47,317
2015-04-28,7.36,115
2015-04-27,7.17,40
2015-04-24,7.3,#N/A N/A
2015-04-23,7.27,#N/A N/A
2015-04-22,7.1,30
2015-04-21,7.09,30
2015-04-20,7.14,30
2015-04-17,6.85,#N/A N/A
2015-04-16,6.88,30
2015-04-15,6.86,40
2015-04-14,6.81,#N/A N/A
2015-04-13,6.81,#N/A N/A
2015-04-10,6.96,#N/A N/A
2015-04-09,7.03,#N/A N/A
2015-04-08,7.14,40
2015-04-07,7.13,40
2015-04-06,7.17,#N/A N/A
2015-04-02,7.17,41
2015-04-01,7.16,40
2015-03-31,6.94,32
2015-03-30,6.9,30
2015-03-27,6.78,30
2015-03-26,6.97,37
2015-03-25,6.99,10
2015-03-24,7.05,25
2015-03-23,7.04,3618
2015-03-20,7.04,23483
2015-03-19,6.67,12229
2015-03-18,6.74,1280
2015-03-17,6.73,1955
2015-03-16,6.49,2001
2015-03-13,6.46,1823
2015-03-12,6.41,2362
2015-03-11,6.76,734
2015-03-10,6.82,672
2015-03-09,6.68,1460
2015-03-06,6.8,3442
2015-03-05,6.75,734
2015-03-04,7.02,1197
2015-03-03,6.73,534
2015-03-02,6.95,681
2015-02-27,7.1,762
2015-02-26,7.06,274
2015-02-25,7.39,15720
2015-02-24,7.47,388
2015-02-23,7.71,618
2015-02-20,7.33,35
2015-02-19,7.35,233
2015-02-18,7.5,5326
2015-02-17,7.48,149
2015-02-16,7.66,148
2015-02-13,7.65,296
2015-02-12,7.41,660
2015-02-11,7.25,286
2015-02-10,7.12,26
2015-02-09,6.93,8
2015-02-06,6.96,160
2015-02-05,7.01,151
2015-02-04,6.94,162
2015-02-03,7.07,#N/A N/A
2015-02-02,7.14,27
2015-01-30,7.09,184
2015-01-29,7.07,26
2015-01-28,6.96,40
2015-01-27,6.85,49
2015-01-26,6.87,350
2015-01-23,6.82,575
2015-01-22,6.78,540
2015-01-21,7.35,1750
2015-01-20,7.19,24
2015-01-19,7.24,111
2015-01-16,7.16,41
2015-01-15,7.15,46
2015-01-14,7.19,1279
2015-01-13,7.32,86
2015-01-12,6.74,33
2015-01-09,6.74,244
2015-01-08,6.84,174
2015-01-07,6.81,249
2015-01-06,6.8,228
2015-01-05,6.93,463
2015-01-02,7.03,133
2014-12-31,7.27,694
2014-12-30,7.23,122
2014-12-29,7.27,268
2014-12-26,7.39,#N/A N/A
2014-12-24,7.39,369
2014-12-23,7.27,1442
2014-12-22,7.13,975
2014-12-19,7.1,886
2014-12-18,7.06,1167
2014-12-17,7.01,2202
2014-12-16,6.93,3076
2014-12-15,6.89,16826
2014-12-12,6.66,22469
2014-12-11,6.74,22022
2014-12-10,6.56,53152
2014-12-09,6.74,17450
2014-12-08,6.66,11458
2014-12-05,6.66,25901
2014-12-04,6.84,23326
2014-12-03,6.89,19839
2014-12-02,6.85,27570
2014-12-01,7.07,22821
2014-11-28,7.04,11361
2014-11-27,7.09,16728
2014-11-26,7.19,13876
2014-11-25,7.12,31209
2014-11-24,7.05,15986
2014-11-21,7,14064
2014-11-20,6.96,10105
2014-11-19,7.04,15383
2014-11-18,7.02,25712
2014-11-17,6.9,16250
2014-11-14,6.62,18412
2014-11-13,6.79,16911
2014-11-12,6.85,17848
2014-11-11,6.8,11993
2014-11-10,6.72,9132
2014-11-07,6.76,16435
2014-11-06,6.63,11992
2014-11-05,6.65,14500
2014-11-04,6.49,20218
2014-11-03,6.58,20561
2014-10-31,6.35,8711
2014-10-30,6.42,12234
2014-10-29,6.42,15194
2014-10-28,6.16,14280
2014-10-27,6.29,6153
2014-10-24,6.41,14608
2014-10-23,6.34,16167
2014-10-22,6.23,11713
2014-10-21,6.18,9608
2014-10-20,6.14,10199
2014-10-17,6.13,11428
2014-10-16,6.21,13651
2014-10-15,6.15,13627
2014-10-14,6.08,10799
2014-10-13,6.06,8922
2014-10-10,6.04,13189
2014-10-09,6.12,13714
2014-10-08,6.05,27201
2014-10-07,5.73,10146
2014-10-06,5.68,11539
2014-10-03,5.68,19038
2014-10-02,5.69,11399
2014-10-01,5.81,8324
2014-09-30,5.84,18267
2014-09-29,5.75,6684
2014-09-26,5.91,7
2014-09-25,5.8,3202
2014-09-24,5.8,215
2014-09-23,5.65,128
2014-09-22,5.98,47
2014-09-19,6.01,242
2014-09-18,5.97,237
2014-09-17,5.88,139
2014-09-16,5.79,141
2014-09-15,5.91,194
2014-09-12,6.04,52
2014-09-11,6.1,65
2014-09-10,6.08,80
2014-09-09,6.12,71
2014-09-08,6.27,164
2014-09-05,6.26,95
2014-09-04,6.11,4940
2014-09-03,6.32,45
2014-09-02,6.38,105
2014-09-01,6.39,68
2014-08-29,6.38,67
2014-08-28,6.43,80
2014-08-27,6.35,99
2014-08-26,6.29,121
2014-08-25,6.32,31
2014-08-22,6.35,103
2014-08-21,6.34,80
2014-08-20,6.41,91
2014-08-19,6.43,89
2014-08-18,6.34,60
2014-08-15,6.38,23
2014-08-14,6.23,50
2014-08-13,6.23,#N/A N/A
2014-08-12,6.11,2594
2014-08-11,6.13,65
2014-08-08,5.97,72
2014-08-07,5.94,2
2014-08-06,6.21,20
2014-08-05,6.2,49
2014-08-04,6.23,12
2014-08-01,6.27,73
2014-07-31,6.21,46
2014-07-30,6.13,50
2014-07-29,6.03,50
2014-07-28,6.19,40
2014-07-25,6.13,60
2014-07-24,6.05,50
2014-07-23,6.17,30
2014-07-22,6.17,45
2014-07-21,6.06,50
2014-07-18,6,75
2014-07-17,6.15,62
2014-07-16,6.04,50
2014-07-15,5.94,50
2014-07-14,5.88,62
2014-07-11,5.74,60
2014-07-10,5.68,61
2014-07-09,5.81,60
2014-07-08,5.75,65
2014-07-07,5.56,65
2014-07-04,5.67,280
2014-07-03,6.01,65
2014-07-02,6.09,70
2014-07-01,6.03,65
2014-06-30,5.81,2433
2014-06-27,5.76,2187
2014-06-26,5.7,319
2014-06-25,5.71,559
2014-06-24,5.74,1795
2014-06-23,5.79,359
2014-06-20,5.65,442
2014-06-19,5.54,684
2014-06-18,5.65,85
2014-06-17,5.7,140
2014-06-16,5.63,65
2014-06-13,5.66,235
2014-06-12,5.55,475
2014-06-11,5.36,1226
2014-06-10,5.49,175
2014-06-09,5.53,#N/A N/A
2014-06-06,5.44,60
2014-06-05,5.54,734
2014-06-04,5.39,87
2014-06-03,5.43,503
2014-06-02,5.14,196
2014-05-30,5.05,320
2014-05-29,5.2,452
2014-05-28,5.2,857
2014-05-27,5.17,341
2014-05-26,5.09,221
2014-05-23,5.12,1023
2014-05-22,5.16,574
2014-05-21,5.12,70
2014-05-20,4.84,191
2014-05-19,4.7,150
2014-05-16,4.8,65
2014-05-15,4.78,204
2014-05-14,5.12,55
2014-05-13,5.3,141
2014-05-12,5.31,165
2014-05-09,5.25,43
2014-05-08,5.15,411
2014-05-07,5.14,84
2014-05-06,5.24,40
2014-05-05,5.23,40
2014-05-02,5.2,75
2014-05-01,5.42,7
2014-04-30,5.42,78
2014-04-29,5.43,#N/A N/A
2014-04-28,5.22,48
2014-04-25,5.08,65
2014-04-24,5.73,135
2014-04-23,5.68,#N/A N/A
2014-04-22,5.69,11
2014-04-21,5.56,#N/A N/A
2014-04-17,5.56,45
2014-04-16,5.47,53
2014-04-15,5.55,47
2014-04-14,5.25,55
2014-04-11,5.33,45
2014-04-10,5.13,45
2014-04-09,4.95,66
2014-04-08,4.87,89
2014-04-07,4.99,295
2014-04-04,4.7,54
2014-04-03,4.87,72
2014-04-02,4.85,150
2014-04-01,5.06,152
2014-03-31,4.64,2523
2014-03-28,4.34,5024
2014-03-27,5.17,4102
2014-03-26,5.8,693
2014-03-25,5.85,5277
2014-03-24,5.86,2745
2014-03-21,6.18,312
2014-03-20,6.01,362
2014-03-19,5.99,384
2014-03-18,5.75,470
2014-03-17,5.87,436
2014-03-14,6.29,840
2014-03-13,6.43,1751
2014-03-12,6.5,540
2014-03-11,6.82,1664
2014-03-10,6.89,1075
2014-03-07,6.9,234
2014-03-06,6.8,626
2014-03-05,6.77,129
2014-03-04,6.81,1456
2014-03-03,6.61,185
2014-02-28,7.06,3656
2014-02-27,6.5,3541
2014-02-26,6.48,2790
2014-02-25,6.21,2297
2014-02-24,7,247
2014-02-21,7.13,106
2014-02-20,6.98,245
2014-02-19,6.91,119
2014-02-18,6.74,172
2014-02-17,6.8,291
2014-02-14,6.58,52
2014-02-13,6.38,116
2014-02-12,6.35,83
2014-02-11,6.24,166
2014-02-10,6.4,138
2014-02-07,6.42,98
2014-02-06,6.44,4285
2014-02-05,6.07,720
2014-02-04,5.82,1380
2014-02-03,5.84,274
2014-01-31,5.52,282
2014-01-30,5.71,224
2014-01-29,5.5,301
2014-01-28,5.52,889
2014-01-27,5.37,1409
2014-01-24,5.26,919
2014-01-23,5.03,166
2014-01-22,5.13,90
2014-01-21,5.04,50
2014-01-20,4.93,584
2014-01-17,5.07,121
2014-01-16,5.07,1501
2014-01-15,4.82,121
2014-01-14,4.83,593
2014-01-13,4.63,790
2014-01-10,4.53,682
2014-01-09,4.51,595
2014-01-08,4.58,298
2014-01-07,4.69,116
2014-01-06,4.64,#N/A N/A
2014-01-03,4.72,61
2014-01-02,4.74,48
2013-12-31,4.86,#N/A N/A
2013-12-30,4.93,16
2013-12-27,4.94,33
2013-12-26,4.92,#N/A N/A
2013-12-24,4.92,10
2013-12-23,4.79,62
2013-12-20,4.78,101
2013-12-19,4.94,77
2013-12-18,4.89,196
2013-12-17,4.91,29
2013-12-16,4.67,17267
2013-12-13,4.8,13044
2013-12-12,4.9,18264
2013-12-11,4.88,22322
2013-12-10,5.02,28735
2013-12-09,4.9,29962
2013-12-06,4.79,16468
2013-12-05,4.64,22333
2013-12-04,4.48,10117
2013-12-03,4.48,15317
2013-12-02,4.5,26197
2013-11-29,4.36,20303
2013-11-28,4.43,36119
2013-11-27,4.47,37481
2013-11-26,4.49,21065
2013-11-25,4.4,21583
2013-11-22,4.43,32165
2013-11-21,4.41,12329
2013-11-20,4.49,11377
2013-11-19,4.42,26652
2013-11-18,4.35,20803
2013-11-15,4.5,10258
2013-11-14,4.59,14645
2013-11-13,4.65,13831
2013-11-12,4.65,15247
2013-11-11,4.61,17322
2013-11-08,4.49,23079
2013-11-07,4.8,15478
2013-11-06,4.78,12198
2013-11-05,4.8,16141
2013-11-04,4.56,22683
2013-11-01,4.62,12104
2013-10-31,4.81,13617
2013-10-30,4.97,13357
2013-10-29,5.09,20331
2013-10-28,4.83,10128
2013-10-25,5.01,33591
2013-10-24,4.67,17354
2013-10-23,4.62,10933
2013-10-22,4.71,15269
2013-10-21,4.59,28212
2013-10-18,5.13,14714
2013-10-17,5.18,15087
2013-10-16,5.34,33815
2013-10-15,4.96,22230
2013-10-14,4.82,11652
2013-10-11,4.62,12932
2013-10-10,4.77,17275
2013-10-09,4.8,16580
2013-10-08,4.87,20851
2013-10-07,4.97,22892
2013-10-04,5.11,11250
2013-10-03,5.2,7934
2013-10-02,5.28,11727
2013-10-01,5.15,13229
2013-09-30,5.02,1811
2013-09-27,5.39,10154
2013-09-26,5.46,351
2013-09-25,5.37,347
2013-09-24,5.37,426
2013-09-23,5.41,3073
2013-09-20,5.35,1102
2013-09-19,5.35,590
2013-09-18,5.52,823
2013-09-17,5.66,670
2013-09-16,5.46,555
2013-09-13,5.39,733
2013-09-12,5.61,671
2013-09-11,5.25,408
2013-09-10,5.12,896
2013-09-09,5.3,566
2013-09-06,5.32,41
2013-09-05,4.95,130
2013-09-04,4.54,600
2013-09-03,4.4,770
2013-09-02,4.49,345
2013-08-30,4.55,832
2013-08-29,4.58,494
2013-08-28,4.59,858
2013-08-27,4.53,673
2013-08-26,4.41,700
2013-08-23,4.42,24
2013-08-22,4.51,19
2013-08-21,4.36,18
2013-08-20,4.34,10
2013-08-19,4.32,1
2013-08-16,4.35,55
2013-08-15,4.35,10
2013-08-14,4.35,#N/A N/A
2013-08-13,4.29,169
2013-08-12,4.31,5
2013-08-09,4.44,10
2013-08-08,4.51,25
2013-08-07,4.44,18
2013-08-06,4.5,1
2013-08-05,4.41,5
2013-08-02,4.38,25
2013-08-01,4.33,91
2013-07-31,4.32,55
2013-07-30,4.27,75
2013-07-29,4.32,83
2013-07-26,4.32,#N/A N/A
2013-07-25,4.29,50
2013-07-24,4.29,51
2013-07-23,4.25,67
2013-07-22,4.2,20
2013-07-19,4.18,1
2013-07-18,4.12,#N/A N/A
2013-07-17,4.12,#N/A N/A
2013-07-16,4.12,50
2013-07-15,4.04,5
2013-07-12,4.03,2
2013-07-11,4.08,24
2013-07-10,4.04,5
2013-07-09,4.16,#N/A N/A
2013-07-08,4.23,5
2013-07-05,4.28,14
2013-07-04,4.54,6
2013-07-03,4.68,86
2013-07-02,4.28,7
2013-07-01,4.23,#N/A N/A
2013-06-28,4.2,#N/A N/A
2013-06-27,4.42,27
2013-06-26,4.41,3
2013-06-25,4.27,22
2013-06-24,4.09,8853
2013-06-21,4.35,3280
2013-06-20,4.4,10112
2013-06-19,4.35,2093
2013-06-18,4.67,6623
2013-06-17,4.55,2860
2013-06-14,4.74,3715
2013-06-13,4.38,18941
2013-06-12,4.46,5623
2013-06-11,4.16,6774
2013-06-10,4,4024
2013-06-07,4.07,2715
2013-06-06,3.95,4239
2013-06-05,3.86,2149
2013-06-04,3.91,2316
2013-06-03,3.87,1736
2013-05-31,3.91,2638
2013-05-30,3.77,1150
2013-05-29,3.7,1201
2013-05-28,3.6,1176
2013-05-27,3.45,577
2013-05-24,3.51,4486
2013-05-23,3.36,591
2013-05-22,3.28,2150
2013-05-21,3.51,714
2013-05-20,3.56,278
2013-05-17,3.49,164
2013-05-16,3.65,591
2013-05-15,3.59,181
2013-05-14,3.47,11
2013-05-13,3.22,162
2013-05-10,3.33,10
2013-05-09,3.74,27
2013-05-08,3.44,15
2013-05-07,3.69,1087
2013-05-06,3.86,245
2013-05-03,3.73,941
2013-05-02,3.04,153
2013-05-01,2.87,4
2013-04-30,3.08,261
2013-04-29,3.27,85
2013-04-26,3.06,21
2013-04-25,2.92,1063
2013-04-24,2.98,6
2013-04-23,3.05,115
2013-04-22,2.85,4
2013-04-19,3.13,4
2013-04-18,3.04,33
2013-04-17,2.72,943
2013-04-16,3.05,339
2013-04-15,4.7,160
2013-04-12,4.71,71
2013-04-11,4.29,32
2013-04-10,4.25,1441
2013-04-09,4.73,190
2013-04-08,5.14,68
2013-04-05,5.13,391
2013-04-04,4.99,35
2013-04-03,4.87,386
2013-04-02,4.9,180
2013-04-01,4.76,#N/A N/A
2013-03-28,4.76,398
2013-03-27,4.9,515
2013-03-26,4.57,2245
2013-03-25,4.44,57
2013-03-22,4.11,62
2013-03-21,4.38,13
2013-03-20,3.93,172
2013-03-19,3.47,1102
2013-03-18,3.48,14879
2013-03-15,3.71,5612
2013-03-14,3.63,3488
2013-03-13,3.45,6429
2013-03-12,3.66,1954
2013-03-11,3.88,3490
2013-03-08,4.18,894
2013-03-07,4.24,4844
2013-03-06,4.19,4201
2013-03-05,4.14,933
2013-03-04,4.53,380
2013-03-01,4.57,4760
2013-02-28,4.8,1220
2013-02-27,4.37,1176
2013-02-26,4.2,1151
2013-02-25,4.47,2379
2013-02-22,5.07,3425
2013-02-21,5.18,8191
2013-02-20,4.86,3017
2013-02-19,4.57,3934
2013-02-18,4.99,4044
2013-02-15,5.07,420
2013-02-14,5.13,1817
2013-02-13,5.11,2408
2013-02-12,4.47,1944
2013-02-11,4.37,2629
2013-02-08,4.44,6625
2013-02-07,4.09,8184
2013-02-06,4.07,5369
2013-02-05,4.3,576
2013-02-04,4.21,1645
2013-02-01,4.23,960
2013-01-31,3.33,908
2013-01-30,3.7,5153
2013-01-29,3.89,543
2013-01-28,4.08,5594
2013-01-25,4.01,986
2013-01-24,4.23,2252
2013-01-23,4.53,1285
2013-01-22,5.32,775
2013-01-21,4.83,556
2013-01-18,4.98,4026
2013-01-17,5.47,796
2013-01-16,5.5,856
2013-01-15,5.91,405
2013-01-14,5.74,175
2013-01-11,5.75,2637
2013-01-10,5.89,810
2013-01-09,6.05,303
2013-01-08,6.3,103
2013-01-07,6.49,1152
2013-01-04,6.17,19
2013-01-03,6.23,2665
2013-01-02,6.4,74
2012-12-31,6.48,25
2012-12-28,6.53,457
2012-12-27,6.87,99
2012-12-26,6.95,#N/A N/A
2012-12-24,6.95,#N/A N/A
2012-12-21,7.04,407
2012-12-20,7.2,611
2012-12-19,7.06,46
2012-12-18,6.75,867
2012-12-17,6.47,10919
2012-12-14,6.57,20079
2012-12-13,6.67,20081
2012-12-12,6.75,27500
2012-12-11,6.84,30497
2012-12-10,7.07,30313
2012-12-07,6.78,52581
2012-12-06,6.39,24184
2012-12-05,6.15,23319
2012-12-04,5.72,22122
2012-12-03,5.95,24245
2012-11-30,6.2,20271
2012-11-29,6.58,22778
2012-11-28,6.83,11068
2012-11-27,6.85,15140
2012-11-26,6.84,20737
2012-11-23,7.01,15539
2012-11-22,6.79,9338
2012-11-21,6.77,25908
2012-11-20,6.74,32105
2012-11-19,6.71,16902
2012-11-16,6.9,21008
2012-11-15,7.13,32408
2012-11-14,7.92,25295
2012-11-13,8.41,28841
2012-11-12,9.08,25281
2012-11-09,8.33,11936
2012-11-08,8.28,16839
2012-11-07,8.23,12371
2012-11-06,8.35,16622
2012-11-05,8.26,13178
2012-11-02,8.11,12644
2012-11-01,8.05,8410
2012-10-31,8.24,19641
2012-10-30,8.15,13426
2012-10-29,8.08,15528
2012-10-26,7.89,14225
2012-10-25,7.69,13532
2012-10-24,7.67,12093
2012-10-23,7.88,13752
2012-10-22,7.91,10240
2012-10-19,7.97,16053
2012-10-18,8.08,13690
2012-10-17,8.28,31040
2012-10-16,8,25542
2012-10-15,7.69,9486
2012-10-12,7.83,9603
2012-10-11,7.81,14765
2012-10-10,7.72,12394
2012-10-09,7.89,8015
2012-10-08,7.92,6979
2012-10-05,7.81,11425
2012-10-04,7.64,21514
2012-10-03,7.59,10711
2012-10-02,7.87,7043
2012-10-01,7.95,10207
2012-09-28,7.96,29698
2012-09-27,7.86,13055
2012-09-26,7.63,14477
2012-09-25,7.48,12624
2012-09-24,7.22,878
2012-09-21,7.41,168
2012-09-20,7.63,148
2012-09-19,7.52,373
2012-09-18,7.4,120
2012-09-17,7.35,27
2012-09-14,7.4,1226
2012-09-13,7.75,60
2012-09-12,7.89,176
2012-09-11,7.7,127
2012-09-10,7.79,519
2012-09-07,8.33,30
2012-09-06,8.21,320
2012-09-05,8.2,2090
2012-09-04,8.17,100
2012-09-03,8.22,1381
2012-08-31,8.03,101
2012-08-30,7.64,148
2012-08-29,7.67,45
2012-08-28,7.93,139
2012-08-27,8.1,28
2012-08-24,8.13,25
2012-08-23,8.12,86
2012-08-22,7.99,30
2012-08-21,7.88,135
2012-08-20,7.62,12
2012-08-17,7.68,1
2012-08-16,7.68,#N/A N/A
2012-08-15,7.46,#N/A N/A
2012-08-14,7.63,#N/A N/A
2012-08-13,7.47,10
2012-08-10,7.18,#N/A N/A
2012-08-09,7.12,#N/A N/A
2012-08-08,7.21,#N/A N/A
2012-08-07,7.29,#N/A N/A
2012-08-06,7.17,5
2012-08-03,7.08,#N/A N/A
2012-08-02,7.05,#N/A N/A
2012-08-01,6.94,#N/A N/A
2012-07-31,6.9,#N/A N/A
2012-07-30,6.57,#N/A N/A
2012-07-27,6.9,#N/A N/A
2012-07-26,6.96,#N/A N/A
2012-07-25,6.84,#N/A N/A
2012-07-24,7.18,#N/A N/A
2012-07-23,7.11,#N/A N/A
2012-07-20,7.12,#N/A N/A
2012-07-19,6.86,#N/A N/A
2012-07-18,7.13,#N/A N/A
2012-07-17,7.65,#N/A N/A
2012-07-16,7.55,#N/A N/A
2012-07-13,7.63,#N/A N/A
2012-07-12,7.63,#N/A N/A
2012-07-11,7.87,#N/A N/A
2012-07-10,7.92,#N/A N/A
2012-07-09,7.98,#N/A N/A
2012-07-06,8.04,#N/A N/A
2012-07-05,8.32,#N/A N/A
2012-07-04,8.26,#N/A N/A
2012-07-03,8.3,#N/A N/A
2012-07-02,8.11,#N/A N/A
2012-06-29,8.24,85
2012-06-28,7.95,#N/A N/A
2012-06-27,7.93,#N/A N/A
2012-06-26,8.02,20
2012-06-25,7.98,55
2012-06-22,8.09,1822
2012-06-21,7.5,34
2012-06-20,7.44,40
2012-06-19,7.5,87
2012-06-18,7.33,39
2012-06-15,7.23,268
2012-06-14,6.84,259
2012-06-13,6.71,248
2012-06-12,6.65,10
2012-06-11,6.62,105
2012-06-08,6.6,125
2012-06-07,6.45,100
2012-06-06,6.36,22
2012-06-05,6.38,5
2012-06-04,6.38,5
2012-06-01,6.38,258
2012-05-31,6.27,1634
2012-05-30,6.4,959
2012-05-29,6.54,140
2012-05-28,6.71,50
2012-05-25,6.82,5
2012-05-24,6.81,31
2012-05-23,6.71,#N/A N/A
2012-05-22,6.91,#N/A N/A
2012-05-21,6.63,#N/A N/A
2012-05-18,6.36,#N/A N/A
2012-05-17,6.48,#N/A N/A
2012-05-16,6.53,#N/A N/A
2012-05-15,6.48,#N/A N/A
2012-05-14,6.59,20
2012-05-11,6.75,#N/A N/A
2012-05-10,6.67,#N/A N/A
2012-05-09,6.7,#N/A N/A
2012-05-08,6.76,5
2012-05-07,6.62,#N/A N/A
2012-05-04,6.6,#N/A N/A
2012-05-03,7.06,#N/A N/A
2012-05-02,7.12,#N/A N/A
2012-05-01,7.49,#N/A N/A
2012-04-30,7.52,#N/A N/A
2012-04-27,7.28,45
2012-04-26,7.26,30
2012-04-25,7.07,#N/A N/A
2012-04-24,7.12,#N/A N/A
2012-04-23,7.12,#N/A N/A
2012-04-20,7.37,#N/A N/A
2012-04-19,7.38,#N/A N/A
2012-04-18,7.25,#N/A N/A
2012-04-17,7.1,#N/A N/A
2012-04-16,6.84,#N/A N/A
2012-04-13,7.15,#N/A N/A
2012-04-12,7.09,#N/A N/A
2012-04-11,6.95,#N/A N/A
2012-04-10,6.81,#N/A N/A
2012-04-09,6.71,#N/A N/A
2012-04-05,6.71,#N/A N/A
2012-04-04,6.11,#N/A N/A
2012-04-03,6.38,#N/A N/A
2012-04-02,6.25,#N/A N/A
2012-03-30,7.04,#N/A N/A
2012-03-29,6.77,#N/A N/A
2012-03-28,7.1,100
2012-03-27,7.17,#N/A N/A
2012-03-26,6.84,1174
2012-03-23,6.87,1204
2012-03-22,6.71,1703
2012-03-21,7.26,1109
2012-03-20,7.02,1640
2012-03-19,7.62,1055
2012-03-16,7.6,1149
2012-03-15,7.83,674
2012-03-14,7.95,3655
2012-03-13,7.62,920
2012-03-12,7.66,271
2012-03-09,7.9,1169
2012-03-08,8.25,268
2012-03-07,8.4,683
2012-03-06,8.35,2452
2012-03-05,8.62,912
2012-03-02,8.83,414
2012-03-01,8.65,1038
2012-02-29,8.34,226
2012-02-28,8.8,126
2012-02-27,9.28,49
2012-02-24,9.2,435
2012-02-23,8.63,#N/A N/A
2012-02-22,8.94,#N/A N/A
2012-02-21,8.97,41
2012-02-20,8.55,14
2012-02-17,9.05,25
2012-02-16,8.78,903
2012-02-15,8.16,117
2012-02-14,7.91,380
2012-02-13,7.47,#N/A N/A
2012-02-10,7.73,49
2012-02-09,7.8,75
2012-02-08,8.13,452
2012-02-07,8.54,1
2012-02-06,8.5,75
2012-02-03,8.3,194
2012-02-02,8.54,537
2012-02-01,8.27,296
2012-01-31,7.85,#N/A N/A
2012-01-30,7.59,8
2012-01-27,7.99,174
2012-01-26,7.52,#N/A N/A
2012-01-25,7.37,18
2012-01-24,7.29,20
2012-01-23,6.89,5
2012-01-20,7.05,34
2012-01-19,7.09,225
2012-01-18,6.63,17
2012-01-17,6.5,52
2012-01-16,6.49,18
2012-01-13,6.75,25
2012-01-12,6.94,15
2012-01-11,6.77,15
2012-01-10,6.86,16
2012-01-09,6.53,#N/A N/A
2012-01-06,6.33,35
2012-01-05,6.44,#N/A N/A
2012-01-04,6.29,83
2012-01-03,6.32,51
2011-12-30,7.03,#N/A N/A
2011-12-29,6.98,4304
2011-12-28,7.5,28
2011-12-27,7.91,#N/A N/A
2011-12-23,7.91,429
2011-12-22,7.77,100
2011-12-21,8.04,70
2011-12-20,8.6,47
2011-12-19,6.98,4032
2011-12-16,6.75,7183
2011-12-15,6.77,8143
2011-12-14,6.45,16253
2011-12-13,7.03,15383
2011-12-12,7.54,12213
2011-12-09,7.84,11443
2011-12-08,7.64,14306
2011-12-07,7.21,12132
2011-12-06,7.32,19572
2011-12-05,7.31,10036
2011-12-02,7.82,6563
2011-12-01,7.93,14052
2011-11-30,8.35,21748
2011-11-29,7.98,15093
2011-11-28,7.99,19279
2011-11-25,7.71,21315
2011-11-24,7.89,19309
2011-11-23,8.44,16728
2011-11-22,9.1,14156
2011-11-21,8.9,10906
2011-11-18,9.35,10796
2011-11-17,9.65,10493
2011-11-16,9.87,12319
2011-11-15,10.03,7449
2011-11-14,10.06,7340
2011-11-11,10.12,5924
2011-11-10,9.82,8627
2011-11-09,9.89,12850
2011-11-08,10.1,17344
2011-11-07,9.95,10303
2011-11-04,9.42,15464
2011-11-03,9.69,20814
2011-11-02,9.49,17706
2011-11-01,9.87,11589
2011-10-31,10.17,8315
2011-10-28,10.42,7499
2011-10-27,10.43,9415
2011-10-26,10.12,7825
2011-10-25,10.41,7839
2011-10-24,10.54,6392
2011-10-21,10.36,8232
2011-10-20,10.19,13523
2011-10-19,10.02,11860
2011-10-18,10.3,10601
2011-10-17,10.34,6426
2011-10-14,10.41,10394
2011-10-13,10.3,13231
2011-10-12,10.7,13643
2011-10-11,10.67,9101
2011-10-10,10.72,11395
2011-10-07,10.46,11410
2011-10-06,10.47,21482
2011-10-05,10.23,16508
2011-10-04,10.1,15689
2011-10-03,10.17,10712
2011-09-30,10.74,10395
2011-09-29,10.93,19763
2011-09-28,10.5,16872
2011-09-27,10.82,18097
2011-09-26,10.81,2306
2011-09-23,11.27,223
2011-09-22,11.25,245
2011-09-21,11.72,200
2011-09-20,11.82,417
2011-09-19,11.72,208
2011-09-16,12.06,311
2011-09-15,12.28,366
2011-09-14,12.13,214
2011-09-13,11.94,295
2011-09-12,11.81,173
2011-09-09,11.79,201
2011-09-08,12.16,194
2011-09-07,12.34,44
2011-09-06,12.09,421
2011-09-05,12.29,202
2011-09-02,12.51,#N/A N/A
2011-09-01,12.8,57
2011-08-31,12.84,261
2011-08-30,13.38,408
2011-08-29,13.19,11
2011-08-26,13.06,5
2011-08-25,12.89,2786
2011-08-24,13.05,50
2011-08-23,12.8,#N/A N/A
2011-08-22,12.45,#N/A N/A
2011-08-19,12.38,#N/A N/A
2011-08-18,12.23,#N/A N/A
2011-08-17,12.69,5
2011-08-16,12.27,25
2011-08-15,12.36,#N/A N/A
2011-08-12,12.35,#N/A N/A
2011-08-11,12.15,20
2011-08-10,11.49,188
2011-08-09,11.32,16
2011-08-08,10.63,#N/A N/A
2011-08-05,10.59,#N/A N/A
2011-08-04,11.18,61
2011-08-03,11.32,#N/A N/A
2011-08-02,11.63,#N/A N/A
2011-08-01,11.9,1
2011-07-29,12.12,#N/A N/A
2011-07-28,12.39,41
2011-07-27,12.3,#N/A N/A
2011-07-26,12.76,#N/A N/A
2011-07-25,12.83,#N/A N/A
2011-07-22,12.89,5
2011-07-21,13.01,525
2011-07-20,12.69,39
2011-07-19,12.28,30
2011-07-18,12.13,#N/A N/A
2011-07-15,12.31,2
2011-07-14,12.19,#N/A N/A
2011-07-13,11.87,4
2011-07-12,12.28,#N/A N/A
2011-07-11,11.97,#N/A N/A
2011-07-08,12.58,#N/A N/A
2011-07-07,12.89,#N/A N/A
2011-07-06,13.07,#N/A N/A
2011-07-05,13.44,24
2011-07-04,13.31,#N/A N/A
2011-07-01,13.18,#N/A N/A
2011-06-30,13.43,#N/A N/A
2011-06-29,12.91,35
2011-06-28,13.36,#N/A N/A
2011-06-27,12.76,343
2011-06-24,12.07,475
2011-06-23,13.15,616
2011-06-22,14.54,761
2011-06-21,14.55,382
2011-06-20,15.02,53
2011-06-17,15.4,625
2011-06-16,15.82,240
2011-06-15,15.98,1029
2011-06-14,16.21,387
2011-06-13,16.4,480
2011-06-10,16.37,219
2011-06-09,16.38,143
2011-06-08,16.21,409
2011-06-07,16.35,1146
2011-06-06,16.39,42
2011-06-03,16.53,233
2011-06-02,16.46,269
2011-06-01,16.51,360
2011-05-31,16.69,724
2011-05-30,16.6,#N/A N/A
2011-05-27,16.6,328
2011-05-26,16.05,2095
2011-05-25,16.05,1182
2011-05-24,16.05,255
2011-05-23,15.85,395
2011-05-20,16.07,319
2011-05-19,16.17,684
2011-05-18,16.25,334
2011-05-17,16.3,55
2011-05-16,16.55,460
2011-05-13,16.38,312
2011-05-12,16.52,8
2011-05-11,16.44,139
2011-05-10,16.56,241
2011-05-09,16.63,192
2011-05-06,16.66,44
2011-05-05,16.58,156
2011-05-04,16.7,151
2011-05-03,16.81,109
2011-05-02,17.03,40
2011-04-29,16.7,50
2011-04-28,16.77,113
2011-04-27,16.61,50
2011-04-26,16.52,#N/A N/A
2011-04-25,16.5,#N/A N/A
2011-04-21,16.5,10
2011-04-20,16.62,#N/A N/A
2011-04-19,16.41,86
2011-04-18,16.3,5
2011-04-15,16.69,152
2011-04-14,16.38,292
2011-04-13,16.25,97
2011-04-12,16.2,150
2011-04-11,16.36,#N/A N/A
2011-04-08,16.6,#N/A N/A
2011-04-07,16.58,48
2011-04-06,16.74,105
2011-04-05,16.62,23
2011-04-04,16.83,#N/A N/A
2011-04-01,16.75,#N/A N/A
2011-03-31,16.88,30
2011-03-30,16.66,45
2011-03-29,16.69,#N/A N/A
2011-03-28,16.79,3582
2011-03-25,16.33,2201
2011-03-24,16.06,1275
2011-03-23,16.42,1930
2011-03-22,16.42,2659
2011-03-21,16.35,1129
2011-03-18,16.76,368
2011-03-17,16.28,722
2011-03-16,16.71,1109
2011-03-15,16.67,605
2011-03-14,16.02,415
2011-03-11,15.3,513
2011-03-10,15.3,160
2011-03-09,15.36,518
2011-03-08,15.31,40
2011-03-07,15.39,72
2011-03-04,15.5,270
2011-03-03,15.17,16
2011-03-02,15.2,50
2011-03-01,15.28,#N/A N/A
2011-02-28,15.3,23
2011-02-25,15.21,#N/A N/A
2011-02-24,15.05,17
2011-02-23,14.96,1050
2011-02-22,15.02,1150
2011-02-21,15.04,#N/A N/A
2011-02-18,14.63,752
2011-02-17,14.59,530
2011-02-16,14.46,1
2011-02-15,14.57,120
2011-02-14,14.67,40
2011-02-11,14.67,43
2011-02-10,14.47,#N/A N/A
2011-02-09,14.46,#N/A N/A
2011-02-08,14.49,#N/A N/A
2011-02-07,14.42,#N/A N/A
2011-02-04,14.49,#N/A N/A
2011-02-03,14.47,#N/A N/A
2011-02-02,14.76,#N/A N/A
2011-02-01,14.64,#N/A N/A
2011-01-31,14.76,#N/A N/A
2011-01-28,14.54,#N/A N/A
2011-01-27,14.51,#N/A N/A
2011-01-26,14.69,14
2011-01-25,14.68,#N/A N/A
2011-01-24,14.37,#N/A N/A
2011-01-21,14.26,#N/A N/A
2011-01-20,14.15,20
2011-01-19,14.16,#N/A N/A
2011-01-18,14.39,27
2011-01-17,14.34,2
2011-01-14,14.27,#N/A N/A
2011-01-13,14.06,#N/A N/A
2011-01-12,14.03,30
2011-01-11,14.09,#N/A N/A
2011-01-10,14.01,#N/A N/A
2011-01-07,14.41,#N/A N/A
2011-01-06,14.47,#N/A N/A
2011-01-05,14.31,#N/A N/A
2011-01-04,14.21,#N/A N/A
2011-01-03,14.02,#N/A N/A
2010-12-31,14.02,#N/A N/A
2010-12-30,13.94,#N/A N/A
2010-12-29,14.06,#N/A N/A
2010-12-28,13.87,#N/A N/A
2010-12-27,13.87,#N/A N/A
2010-12-24,13.87,#N/A N/A
2010-12-23,13.86,#N/A N/A
2010-12-22,14.1,#N/A N/A
2010-12-21,13.96,#N/A N/A
2010-12-20,13.9,4578
2010-12-17,13.98,8037
2010-12-16,14.26,16367
2010-12-15,14.34,9046
2010-12-14,14.46,6047
2010-12-13,14.53,8186
2010-12-10,14.59,8735
2010-12-09,14.53,8828
2010-12-08,14.67,6592
2010-12-07,14.79,8990
2010-12-06,14.87,9550
2010-12-03,14.75,5764
2010-12-02,14.67,10431
2010-12-01,14.84,7942
2010-11-30,14.76,11788
2010-11-29,14.95,8725
2010-11-26,15.08,7374
2010-11-25,15.08,10382
2010-11-24,15.15,11879
2010-11-23,15.02,9969
2010-11-22,15.08,10343
2010-11-19,14.96,10854
2010-11-18,14.94,11101
2010-11-17,14.88,10296
2010-11-16,14.63,10516
2010-11-15,15.11,10255
2010-11-12,14.9,11698
2010-11-11,14.84,12507
2010-11-10,14.49,8813
2010-11-09,14.3,6097
2010-11-08,14.24,11667
2010-11-05,14.51,8229
2010-11-04,14.38,15735
2010-11-03,14.69,6710
2010-11-02,14.71,6419
2010-11-01,14.69,6035
2010-10-29,14.63,8396
2010-10-28,14.91,10730
2010-10-27,15.1,10038
2010-10-26,15,7847
2010-10-25,15.16,7280
2010-10-22,15.07,9459
2010-10-21,14.86,12259
2010-10-20,15.15,9776
2010-10-19,15.03,14131
2010-10-18,15.38,8251
2010-10-15,15.45,4673
2010-10-14,15.54,8285
2010-10-13,15.63,7139
2010-10-12,15.75,13015
2010-10-11,15.84,10090
2010-10-08,15.57,5903
2010-10-07,15.47,9754
2010-10-06,15.57,7821
2010-10-05,15.57,7788
2010-10-04,15.27,5951
2010-10-01,15.36,6158
2010-09-30,15.41,8721
2010-09-29,15.65,6833
2010-09-28,15.67,11318
2010-09-27,15.32,#N/A N/A
2010-09-24,15.23,10
2010-09-23,14.83,#N/A N/A
2010-09-22,14.99,#N/A N/A
2010-09-21,14.87,#N/A N/A
2010-09-20,14.97,#N/A N/A
2010-09-17,15.26,#N/A N/A
2010-09-16,15.21,#N/A N/A
2010-09-15,15.37,#N/A N/A
2010-09-14,15.22,#N/A N/A
2010-09-13,15.25,#N/A N/A
2010-09-10,15.23,#N/A N/A
2010-09-09,15.46,#N/A N/A
2010-09-08,15.56,#N/A N/A
2010-09-07,15.69,#N/A N/A
2010-09-06,15.67,#N/A N/A
2010-09-03,15.69,#N/A N/A
2010-09-02,15.73,#N/A N/A
2010-09-01,15.34,#N/A N/A
2010-08-31,15.22,#N/A N/A
2010-08-30,15.39,#N/A N/A
2010-08-27,15.22,#N/A N/A
2010-08-26,15.18,#N/A N/A
2010-08-25,15.32,#N/A N/A
2010-08-24,14.9,#N/A N/A
2010-08-23,14.76,#N/A N/A
2010-08-20,15,#N/A N/A
2010-08-19,14.85,#N/A N/A
2010-08-18,14.33,#N/A N/A
2010-08-17,14.42,#N/A N/A
2010-08-16,14.34,#N/A N/A
2010-08-13,14.42,#N/A N/A
2010-08-12,14.36,#N/A N/A
2010-08-11,14.34,#N/A N/A
2010-08-10,14.44,#N/A N/A
2010-08-09,14.51,#N/A N/A
2010-08-06,14.17,#N/A N/A
2010-08-05,14.28,#N/A N/A
2010-08-04,14.27,#N/A N/A
2010-08-03,14.37,#N/A N/A
2010-08-02,14.43,#N/A N/A
2010-07-30,14.08,#N/A N/A
2010-07-29,13.95,#N/A N/A
2010-07-28,13.7,#N/A N/A
2010-07-27,13.65,#N/A N/A
2010-07-26,13.46,#N/A N/A
2010-07-23,13.94,#N/A N/A
2010-07-22,14.18,#N/A N/A
2010-07-21,13.87,#N/A N/A
2010-07-20,14.16,#N/A N/A
2010-07-19,14.48,#N/A N/A
2010-07-16,14.19,#N/A N/A
2010-07-15,13.88,#N/A N/A
2010-07-14,13.94,10
2010-07-13,13.77,#N/A N/A
2010-07-12,13.99,#N/A N/A
2010-07-09,14.55,#N/A N/A
2010-07-08,14.29,#N/A N/A
2010-07-07,14.74,#N/A N/A
2010-07-06,15.08,#N/A N/A
2010-07-05,15.29,#N/A N/A
2010-07-02,15.29,#N/A N/A
2010-07-01,15.18,100
2010-06-30,15.19,#N/A N/A
2010-06-29,15.15,100
2010-06-28,15.29,1
2010-06-25,15.28,#N/A N/A
2010-06-24,15.11,20
2010-06-23,15.23,#N/A N/A
2010-06-22,15.2,#N/A N/A
2010-06-21,15.7,#N/A N/A
2010-06-18,15.62,#N/A N/A
2010-06-17,15.56,1
2010-06-16,15.42,#N/A N/A
2010-06-15,15.64,#N/A N/A
2010-06-14,15.76,#N/A N/A
2010-06-11,15.53,#N/A N/A
2010-06-10,15.37,#N/A N/A
2010-06-09,15.67,#N/A N/A
2010-06-08,15.6,#N/A N/A
2010-06-07,15.13,#N/A N/A
2010-06-04,15.25,#N/A N/A
2010-06-03,15.17,#N/A N/A
2010-06-02,15.18,#N/A N/A
2010-06-01,15.05,#N/A N/A
2010-05-31,15.02,#N/A N/A
2010-05-28,15.02,#N/A N/A
2010-05-27,15.4,#N/A N/A
2010-05-26,15.61,#N/A N/A
2010-05-25,15.11,#N/A N/A
2010-05-24,15.33,#N/A N/A
2010-05-21,14.76,#N/A N/A
2010-05-20,14.61,#N/A N/A
2010-05-19,14.63,#N/A N/A
2010-05-18,15.2,#N/A N/A
2010-05-17,15.01,#N/A N/A
2010-05-14,15.56,100
2010-05-13,15.73,#N/A N/A
2010-05-12,15.62,#N/A N/A
2010-05-11,15.57,#N/A N/A
2010-05-10,15.14,#N/A N/A
2010-05-07,15.42,#N/A N/A
2010-05-06,16.07,#N/A N/A
2010-05-05,15.88,#N/A N/A
2010-05-04,15.82,#N/A N/A
2010-05-03,16.42,#N/A N/A
2010-04-30,15.84,#N/A N/A
2010-04-29,15.25,#N/A N/A
2010-04-28,14.88,#N/A N/A
2010-04-27,15.15,#N/A N/A
2010-04-26,15.49,#N/A N/A
2010-04-23,14.85,#N/A N/A
2010-04-22,14.57,#N/A N/A
2010-04-21,14.57,#N/A N/A
2010-04-20,14.63,#N/A N/A
2010-04-19,14.47,150
2010-04-16,14.31,#N/A N/A
2010-04-15,14.04,40
2010-04-14,14.11,#N/A N/A
2010-04-13,13.59,#N/A N/A
2010-04-12,13.6,#N/A N/A
2010-04-09,13.59,#N/A N/A
2010-04-08,13.45,#N/A N/A
2010-04-07,13.42,#N/A N/A
2010-04-06,13.33,#N/A N/A
2010-04-05,12.98,#N/A N/A
2010-04-01,12.98,#N/A N/A
2010-03-31,12.71,#N/A N/A
2010-03-30,12.73,#N/A N/A
2010-03-29,12.67,#N/A N/A
2010-03-26,12.81,#N/A N/A
2010-03-25,12.55,#N/A N/A
2010-03-24,12.67,#N/A N/A
2010-03-23,12.79,#N/A N/A
2010-03-22,12.97,#N/A N/A
2010-03-19,12.96,1
2010-03-18,12.95,#N/A N/A
2010-03-17,12.88,#N/A N/A
2010-03-16,12.84,#N/A N/A
2010-03-15,12.92,#N/A N/A
2010-03-12,12.76,#N/A N/A
2010-03-11,12.85,72
2010-03-10,13.09,72
2010-03-09,12.99,#N/A N/A
2010-03-08,12.96,#N/A N/A
2010-03-05,13.16,#N/A N/A
2010-03-04,12.98,#N/A N/A
2010-03-03,13.4,#N/A N/A
2010-03-02,13.16,#N/A N/A
2010-03-01,13.19,#N/A N/A
2010-02-26,12.86,#N/A N/A
2010-02-25,12.76,#N/A N/A
2010-02-24,12.92,#N/A N/A
2010-02-23,12.58,#N/A N/A
2010-02-22,12.63,#N/A N/A
2010-02-19,12.36,10
2010-02-18,12.83,#N/A N/A
2010-02-17,12.79,6
2010-02-16,13.16,#N/A N/A
2010-02-15,13,#N/A N/A
2010-02-12,12.82,#N/A N/A
2010-02-11,13.06,#N/A N/A
2010-02-10,13.12,#N/A N/A
2010-02-09,13.41,50
2010-02-08,13.6,#N/A N/A
2010-02-05,13.11,#N/A N/A
2010-02-04,13.06,#N/A N/A
2010-02-03,12.59,500
2010-02-02,12.59,#N/A N/A
2010-02-01,12.57,#N/A N/A
2010-01-29,12.71,#N/A N/A
2010-01-28,12.99,#N/A N/A
2010-01-27,13.25,1
2010-01-26,13.46,#N/A N/A
2010-01-25,13.28,#N/A N/A
2010-01-22,12.97,#N/A N/A
2010-01-21,13.07,#N/A N/A
2010-01-20,13.21,#N/A N/A
2010-01-19,13.63,#N/A N/A
2010-01-18,13.55,#N/A N/A
2010-01-15,13.23,#N/A N/A
2010-01-14,13.44,#N/A N/A
2010-01-13,12.94,#N/A N/A
2010-01-12,12.71,#N/A N/A
2010-01-11,13,#N/A N/A
2010-01-08,12.82,#N/A N/A
2010-01-07,12.57,#N/A N/A
2010-01-06,12.22,#N/A N/A
2010-01-05,12.52,#N/A N/A
2010-01-04,12.91,#N/A N/A
2009-12-31,12.31,#N/A N/A