Date,PX_LAST
#NAME?,566.1917
2017-08-11,485.13662
2014-12-22,506.65744
2014-12-19,505.06021
2014-12-18,501.4838
2014-12-17,486.32248
2014-12-16,484.69838
2014-12-15,492.65557
2014-12-12,498.47624
2014-12-11,505.73658
2014-12-10,505.9341
2014-12-09,504.34
2014-12-08,510.87227
2014-12-05,518.8321
2014-12-04,513.36137
2014-12-03,517.79399
2014-12-02,511.73914
2014-12-01,504.16096
2014-11-28,522.84383
2014-11-27,531.89713
2014-11-26,533.68677
2014-11-25,531.87448
2014-11-24,531.46158
2014-11-21,529.33855
2014-11-20,516.5825
2014-11-19,513.02438
2014-11-18,512.57357
2014-11-17,510.53985
2014-11-14,510.19458
2014-11-13,509.96229
2014-11-12,515.55752
2014-11-11,518.05279
2014-11-10,519.94592
2014-11-07,522.07231
2014-11-06,518.25794
2014-11-05,521.11904
2014-11-04,521.4723
2014-11-03,529.12599
2014-10-31,529.05243
2014-10-30,517.21921
2014-10-29,510.82166
2014-10-28,511.2355
2014-10-27,498.65258
2014-10-24,508.45039
2014-10-23,508.87834
2014-10-22,509.57225
2014-10-21,505.93474
2014-10-20,494.8848
2014-10-17,492.22301
2014-10-16,481.76998
2014-10-15,483.06004
2014-10-14,489.91501
2014-10-13,489.00261
2014-10-10,495.78107
2014-10-09,506.73979
2014-10-08,515.93674
2014-10-07,518.67025
2014-10-06,520.89933
2014-10-03,538.49365
2014-10-02,528.62433
2014-10-01,535.43406
2014-09-30,544.53235
2014-09-29,547.04552
2014-09-26,554.35022
2014-09-25,551.76226
2014-09-24,556.68218
2014-09-23,550.2357
2014-09-22,554.2041
2014-09-19,561.32713
2014-09-18,560.29475
2014-09-17,558.51046
2014-09-16,556.03347
2014-09-15,560.50085
2014-09-12,570.52705
2014-09-11,574.2789
2014-09-10,575.71973
2014-09-09,575.13766
2014-09-08,588.39454
2014-09-05,587.18161
2014-09-04,586.42218
2014-09-03,574.13675
2014-09-02,570.91771
2014-09-01,569.49136
2014-08-29,571.25105
2014-08-28,568.72638
2014-08-27,574.22406
2014-08-26,572.81607
2014-08-25,574.51334
2014-08-22,568.17039
2014-08-21,567.06363
2014-08-20,569.08096
2014-08-19,566.73645
2014-08-18,561.20222
2014-08-15,554.5948
2014-08-14,553.92363
2014-08-13,551.62232
2014-08-12,546.61467
2014-08-11,546.89579
2014-08-08,533.55061
2014-08-07,539.96697
2014-08-06,536.93807
2014-08-05,536.58703
2014-08-04,532.9968
2014-08-01,526.57382
2014-07-31,535.37833
2014-07-30,547.30623
2014-07-29,545.78048
2014-07-28,548.20103
2014-07-25,547.36079
2014-07-24,546.57854
2014-07-23,545.06952
2014-07-22,547.65063
2014-07-21,537.73094
2014-07-18,536.84222
2014-07-17,530.36986
2014-07-16,535.9348
2014-07-15,532.45615
2014-07-14,533.6769
2014-07-11,530.6908
2014-07-10,530.47202
2014-07-09,534.9173
2014-07-08,535.88241
2014-07-07,550.46391
2014-07-04,557.17075
2014-07-03,560.09108
2014-07-02,551.67433
2014-07-01,549.56913
2014-06-30,550.70577
2014-06-27,550.76446
2014-06-26,549.65009
2014-06-25,543.38987
2014-06-24,542.74321
2014-06-23,547.59981
2014-06-20,551.94884
2014-06-19,548.95434
2014-06-18,550.95676
2014-06-17,546.75245
2014-06-16,536.82284
2014-06-13,537.69817
2014-06-12,531.22499
2014-06-11,529.37751
2014-06-10,526.65643
2014-06-09,525.69307
2014-06-06,521.80255
2014-06-05,517.8727
2014-06-04,514.6056
2014-06-03,515.39977
2014-06-02,518.4114
2014-05-30,516.23605
2014-05-29,519.40877
2014-05-28,515.23882
2014-05-27,513.74302
2014-05-26,513.67615
2014-05-23,509.77421
2014-05-22,504.06278
2014-05-21,494.92264
2014-05-20,486.72182
2014-05-19,486.04398
2014-05-16,485.07488
2014-05-15,488.98037
2014-05-14,500.22855
2014-05-13,497.65015
2014-05-12,496.21567
2014-05-09,483.70941
2014-05-08,478.55818
2014-05-07,480.20905
2014-05-06,490.52761
2014-05-05,493.10608
2014-05-02,494.36122
2014-05-01,491.16715
2014-04-30,489.43113
2014-04-29,489.11397
2014-04-28,489.81873
2014-04-25,499.96712
2014-04-24,507.49052
2014-04-23,510.09885
2014-04-22,511.895
2014-04-21,499.70923
2014-04-18,497.35985
2014-04-17,497.02128
2014-04-16,494.10643
2014-04-15,484.91664
2014-04-14,489.43564
2014-04-11,494.33353
2014-04-10,500.69886
2014-04-09,510.9811
2014-04-08,506.53501
2014-04-07,507.97161
2014-04-04,517.88924
2014-04-03,518.44385
2014-04-02,524.39445
2014-04-01,521.60907
2014-03-31,518.72277
2014-03-28,516.97862
2014-03-27,514.88055
2014-03-26,506.62289
2014-03-25,509.04202
2014-03-24,509.54915
2014-03-21,514.15135
2014-03-20,520.07556
2014-03-19,521.32854
2014-03-18,514.27446
2014-03-17,510.10226
2014-03-14,507.38151
2014-03-13,519.72086
2014-03-12,525.79012
2014-03-11,532.73442
2014-03-10,530.63572
2014-03-07,536.21996
2014-03-06,538.06819
2014-03-05,534.32268
2014-03-04,535.26607
2014-03-03,522.91773
2014-02-28,523.08147
2014-02-27,524.71191
2014-02-26,518.03284
2014-02-25,514.10231
2014-02-24,514.92262
2014-02-21,507.18267
2014-02-20,503.63068
2014-02-19,503.496
2014-02-18,506.75702
2014-02-17,504.89326
2014-02-14,501.75166
2014-02-13,503.86262
2014-02-12,504.08885
2014-02-11,497.37087
2014-02-10,498.10776
2014-02-07,495.11592
2014-02-06,482.46077
2014-02-05,475.44506
2014-02-04,477.9713
2014-02-03,483.99601
2014-01-31,496.14424
2014-01-30,491.94783
2014-01-29,487.7672
2014-01-28,487.49821
2014-01-27,477.42415
2014-01-24,488.63108
2014-01-23,504.01704
2014-01-22,515.75758
2014-01-21,513.44325
2014-01-20,515.06696
2014-01-17,517.85021
2014-01-16,513.91113
2014-01-15,508.09504
2014-01-14,501.39619
2014-01-13,502.87908
2014-01-10,504.56444
2014-01-09,505.78709
2014-01-08,506.47281
2014-01-07,502.97359
2014-01-06,499.04077
2014-01-03,502.90276
2014-01-02,498.17214
2013-12-31,483.4434
2013-12-30,481.6929
2013-12-27,481.00821
2013-12-26,474.4
2013-12-25,472.97669
2013-12-24,473.37268
2013-12-23,475.07081
2013-12-20,471.88302
2013-12-19,478.1225
2013-12-18,471.73393
2013-12-17,469.34327
2013-12-16,469.39495
2013-12-13,468.8085
2013-12-12,467.72381
2013-12-11,468.14359
2013-12-10,474.55589
2013-12-09,474.13139
2013-12-06,477.93998
2013-12-05,478.89535
2013-12-04,481.45115
2013-12-03,483.32507
2013-12-02,491.06369
2013-11-29,492.38429
2013-11-28,490.85915
2013-11-27,491.03279
2013-11-26,490.93774
2013-11-25,495.02005
2013-11-22,494.87473
2013-11-21,499.74277
2013-11-20,499.68681
2013-11-19,499.29905
2013-11-18,509.39562
2013-11-15,508.7785
2013-11-14,507.24673
2013-11-13,500.13
2013-11-12,499.43706
2013-11-11,502.5645
2013-11-08,500.41273
2013-11-07,497.78381
2013-11-06,508.79854
2013-11-05,507.48266
2013-11-04,505.33684
2013-11-01,496.96651
2013-10-31,492.1028
2013-10-30,488.4329
2013-10-29,490.82379
2013-10-28,488.21376
2013-10-25,491.84299
2013-10-24,500.8683
2013-10-23,504.7126
2013-10-22,513.80692
2013-10-21,516.9894
2013-10-18,512.72648
2013-10-17,507.79725
2013-10-16,507.3456
2013-10-15,504.29071
2013-10-14,497.44424
2013-10-11,498.70899
2013-10-10,496.18999
2013-10-09,489.85974
2013-10-08,489.0624
2013-10-07,487.89753
2013-10-04,493.05638
2013-10-03,487.80021
2013-10-02,487.21755
2013-10-01,486.50233
2013-09-30,478.84909
2013-09-27,477.01412
2013-09-26,472.79403
2013-09-25,461.66832
2013-09-24,461.83932
2013-09-23,460.69789
2013-09-20,458.39417
2013-09-19,462.09848
2013-09-18,461.76988
2013-09-17,457.91599
2013-09-16,460.21074
2013-09-13,457.81022
2013-09-12,455.64578
2013-09-11,459.32659
2013-09-10,457.52391
2013-09-09,451.67823
2013-09-06,453.32961
2013-09-05,450.7045
2013-09-04,439.34159
2013-09-03,442.11806
2013-09-02,433.52421
2013-08-30,431.46054
2013-08-29,428.24071
2013-08-28,424.26363
2013-08-27,427.10943
2013-08-26,435.61188
2013-08-23,438.93464
2013-08-22,435.24525
2013-08-21,431.39973
2013-08-20,433.1035
2013-08-19,436.66434
2013-08-16,448.16968
2013-08-15,449.94397
2013-08-14,457.02489
2013-08-13,455.63842
2013-08-12,456.10009
2013-08-09,452.66589
2013-08-08,449.11418
2013-08-07,447.72809
2013-08-06,461.44815
2013-08-05,463.20366
2013-08-02,460.20697
2013-08-01,455.94332
2013-07-31,447.1511
2013-07-30,451.73585
2013-07-29,445.76648
2013-07-26,450.0991
2013-07-25,454.28324
2013-07-24,458.54551
2013-07-23,456.43476
2013-07-22,456.43269
2013-07-19,452.20336
2013-07-18,451.8282
2013-07-17,448.89345
2013-07-16,450.12454
2013-07-15,448.35308
2013-07-12,440.48685
2013-07-11,445.17294
2013-07-10,440.94755
2013-07-09,441.98741
2013-07-08,436.09745
2013-07-05,434.39554
2013-07-04,429.86929
2013-07-03,423.60778
2013-07-02,428.74299
2013-07-01,425.82251
2013-06-28,426.72695
2013-06-27,423.93133
2013-06-26,418.37833
2013-06-25,405.31392
2013-06-24,406.66272
2013-06-21,415.17806
2013-06-20,413.481
2013-06-19,425.76504
2013-06-18,428.25935
2013-06-17,429.53045
2013-06-14,417.93836
2013-06-13,415.33653
2013-06-12,416.77909
2013-06-11,417.93561
2013-06-10,425.19761
2013-06-07,417.97338
2013-06-06,416.06052
2013-06-05,426.53182
2013-06-04,435.09066
2013-06-03,435.0791
2013-05-31,438.63264
2013-05-30,443.71547
2013-05-29,449.52721
2013-05-28,440.30082
2013-05-27,438.68206
2013-05-24,440.78342
2013-05-23,431.78536
2013-05-22,446.79436
2013-05-21,455.84374
2013-05-20,454.97701
2013-05-17,444.71188
2013-05-16,443.0314
2013-05-15,442.25433
2013-05-14,437.13054
2013-05-13,428.92247
2013-05-10,426.6698
2013-05-09,419.57383
2013-05-08,419.80518
2013-05-07,415.33476
2013-05-06,413.07151
2013-05-03,409.67529
2013-05-02,410.88178
2013-05-01,407.8674
2013-04-30,407.35598
2013-04-29,404.69767
2013-04-26,400.56694
2013-04-25,401.3974
2013-04-24,400.04982
2013-04-23,394.45438
2013-04-22,389.36143
2013-04-19,388.4671
2013-04-18,381.98846
2013-04-17,389.01812
2013-04-16,393.95559
2013-04-15,399.20855
2013-04-12,394.90271
2013-04-11,380.5445
2013-04-10,376.80991
2013-04-09,366.19684
2013-04-08,354.74433
2013-04-05,351.8917
2013-04-04,356.34853
2013-04-03,360.22647
2013-04-02,359.87362
2013-04-01,365.70773
2013-03-29,367.81668
2013-03-28,365.6935
2013-03-27,365.60218
2013-03-26,363.38906
2013-03-25,361.32528
2013-03-22,365.99245
2013-03-21,365.29807
2013-03-20,360.29756
2013-03-19,358.85805
2013-03-18,356.21153
2013-03-15,358.89677
2013-03-14,357.63023
2013-03-13,353.6136
2013-03-12,356.9464
2013-03-11,360.24426
2013-03-08,362.19554
2013-03-07,359.21891
2013-03-06,361.65589
2013-03-05,358.24184
2013-03-04,355.42494
2013-03-01,355.69376
2013-02-28,355.99266
2013-02-27,353.33438
2013-02-26,354.5118
2013-02-25,356.01683
2013-02-22,356.79742
2013-02-21,356.56212
2013-02-20,359.29571
2013-02-19,355.60102
2013-02-18,356.59005
2013-02-15,358.06403
2013-02-14,355.57781
2013-02-13,347.11373
2013-02-12,348.70363
2013-02-11,345.95973
2013-02-08,345.82733
2013-02-07,347.14887
2013-02-06,343.23146
2013-02-05,335.92123
2013-02-04,340.76653
2013-02-01,340.65313
2013-01-31,343.80197
2013-01-30,346.26654
2013-01-29,349.0428
2013-01-28,349.32464
2013-01-25,351.94841
2013-01-24,357.52868
2013-01-23,362.41955
2013-01-22,362.8926
2013-01-21,360.06541
2013-01-18,361.78808
2013-01-17,358.63634
2013-01-16,361.23111
2013-01-15,364.1847
2013-01-14,362.1859
2013-01-11,365.06624
2013-01-10,367.2417
2013-01-09,367.01882
2013-01-08,361.51148
2013-01-07,364.30272
2013-01-04,368.36478
2013-01-03,362.59469
2013-01-02,355.6311
2013-01-01,346.05505
2012-12-31,346.31727
2012-12-28,345.07389
2012-12-27,351.13399
2012-12-26,353.54715
2012-12-25,356.29987
2012-12-24,353.74384
2012-12-21,356.49495
2012-12-20,355.48724
2012-12-19,351.35372
2012-12-18,345.70174
2012-12-17,352.00008
2012-12-14,341.03721
2012-12-13,339.23405
2012-12-12,338.52109
2012-12-11,335.4785
2012-12-10,335.29559
2012-12-07,335.62488
2012-12-06,330.54771
2012-12-05,323.94529
2012-12-04,322.28605
2012-12-03,319.81386
2012-11-30,324.27519
2012-11-29,324.69211
2012-11-28,320.82722
2012-11-27,321.18649
2012-11-26,323.71983
2012-11-23,317.33798
2012-11-22,315.57073
2012-11-21,315.12239
2012-11-20,314.88638
2012-11-19,318.23621
2012-11-16,313.87566
2012-11-15,310.11383
2012-11-14,309.38475
2012-11-13,313.16884
2012-11-12,313.87745
2012-11-09,317.67992
2012-11-08,320.28531
2012-11-07,322.5735
2012-11-06,321.84627
2012-11-05,317.35879
2012-11-02,319.7952
2012-11-01,319.95353
2012-10-31,318.59275
2012-10-30,319.43324
2012-10-29,321.17257
2012-10-26,318.90518
2012-10-25,321.86285
2012-10-24,320.83959
2012-10-23,322.16708
2012-10-22,332.26487
2012-10-19,334.04292
2012-10-18,341.64894
2012-10-17,338.75783
2012-10-16,335.44906
2012-10-15,332.96467
2012-10-12,330.83923
2012-10-11,332.20006
2012-10-10,329.56451
2012-10-09,332.60862
2012-10-08,335.41113
2012-10-05,334.34094
2012-10-04,334.02189
2012-10-03,335.61094
2012-10-02,339.53554
2012-10-01,340.30589
2012-09-28,338.67125
2012-09-27,341.88485
2012-09-26,336.66156
2012-09-25,341.47298
2012-09-24,343.18313
2012-09-21,341.16282
2012-09-20,340.5639
2012-09-19,343.31066
2012-09-18,340.32722
2012-09-17,337.41012
2012-09-14,337.83637
2012-09-13,334.88984
2012-09-12,332.75644
2012-09-11,340.46972
2012-09-10,344.30016
2012-09-07,342.17609
2012-09-06,340.01948
2012-09-05,335.58429
2012-09-04,339.26702
2012-09-03,340.54683
2012-08-31,340.00939
2012-08-30,339.12167
2012-08-29,349.59727
2012-08-28,353.35296
2012-08-27,353.40462
2012-08-24,355.72655
2012-08-23,356.47857
2012-08-22,358.54215
2012-08-21,361.89253
2012-08-20,360.54833
2012-08-17,359.02257
2012-08-16,354.06423
2012-08-15,350.03818
2012-08-14,350.97024
2012-08-13,348.15024
2012-08-10,352.62274
2012-08-09,356.35214
2012-08-08,351.79431
2012-08-07,347.77025
2012-08-06,339.96986
2012-08-03,331.39479
2012-08-02,331.03913
2012-08-01,326.97146
2012-07-31,329.95734
2012-07-30,325.42832
2012-07-27,328.59121
2012-07-26,325.52757
2012-07-25,323.79532
2012-07-24,330.6498
2012-07-23,335.37775
2012-07-20,344.75298
2012-07-19,349.803
2012-07-18,349.17895
2012-07-17,356.38416
2012-07-16,358.98352
2012-07-13,361.15108
2012-07-12,362.79989
2012-07-11,364.18321
2012-07-10,364.51697
2012-07-09,364.99253
2012-07-06,372.76844
2012-07-05,373.24627
2012-07-04,374.33828
2012-07-03,372.15699
2012-07-02,368.81726
2012-06-29,365.60327
2012-06-28,361.62213
2012-06-27,360.61467
2012-06-26,357.04922
2012-06-25,359.63874
2012-06-22,364.23237
2012-06-21,365.05706
2012-06-20,369.15143
2012-06-19,365.52316
2012-06-18,362.89222
2012-06-15,361.16923
2012-06-14,352.84361
2012-06-13,353.61815
2012-06-12,358.16484
2012-06-11,353.0144
2012-06-08,356.14609
2012-06-07,354.30567
2012-06-06,352.1575
2012-06-05,350.69955
2012-06-04,346.0392
2012-06-01,351.93726
2012-05-31,359.84875
2012-05-30,360.98678
2012-05-29,363.02035
2012-05-28,359.05115
2012-05-25,358.07815
2012-05-24,357.76182
2012-05-23,356.45557
2012-05-22,356.1718
2012-05-21,353.19504
2012-05-18,353.92475
2012-05-17,365.82061
2012-05-16,370.67985
2012-05-15,376.8837
2012-05-14,384.9178
2012-05-11,391.84724
2012-05-10,395.01643
2012-05-09,392.93105
2012-05-08,395.66434
2012-05-07,397.79328
2012-05-04,401.92398
2012-05-03,402.67493
2012-05-02,409.2087
2012-05-01,410.2452
2012-04-30,408.20221
2012-04-27,409.1167
2012-04-26,407.22078
2012-04-25,409.19915
2012-04-24,407.52084
2012-04-23,408.06395
2012-04-20,416.94603
2012-04-19,422.21122
2012-04-18,426.25808
2012-04-17,429.35241
2012-04-16,423.9544
2012-04-13,424.18076
2012-04-12,428.25833
2012-04-11,428.41932
2012-04-10,425.57227
2012-04-09,427.65062
2012-04-06,433.70733
2012-04-05,434.58647
2012-04-04,430.40674
2012-04-03,433.5814
2012-04-02,435.09903
2012-03-30,436.07141
2012-03-29,437.76209
2012-03-28,440.02315
2012-03-27,449.00877
2012-03-26,449.10017
2012-03-23,450.36259
2012-03-22,448.9045
2012-03-21,450.72064
2012-03-20,455.12032
2012-03-19,456.42214
2012-03-16,462.84555
2012-03-15,461.97191
2012-03-14,460.64057
2012-03-13,460.97986
2012-03-12,451.7176
2012-03-09,457.97469
2012-03-08,448.52982
2012-03-07,447.67876
2012-03-06,450.09676
2012-03-05,458.08898
2012-03-02,464.73643
2012-03-01,459.40099
2012-02-29,458.65344
2012-02-28,463.45413
2012-02-27,461.1369
2012-02-24,463.31835
2012-02-23,473.40586
2012-02-22,489.32382
2012-02-21,493.61815
2012-02-20,492.39338
2012-02-17,492.01992
2012-02-16,484.18544
2012-02-15,485.48986
2012-02-14,485.23868
2012-02-13,489.91854
2012-02-10,494.85205
2012-02-09,501.0012
2012-02-08,482.31779
2012-02-07,477.54171
2012-02-06,476.64922
2012-02-03,474.10168
2012-02-02,466.81522
2012-02-01,460.96837
2012-01-31,459.10435
2012-01-30,460.992
2012-01-27,465.92326
2012-01-26,458.06526
2012-01-25,453.87776
2012-01-24,453.75657
2012-01-23,458.47583
2012-01-20,461.88323
2012-01-19,462.34225
2012-01-18,469.65432
2012-01-17,464.68586
2012-01-16,460.43336
2012-01-13,460.93721
2012-01-12,467.34541
2012-01-11,464.25563
2012-01-10,447.37048
2012-01-09,439.20121
2012-01-06,435.22372
2012-01-05,434.68816
2012-01-04,434.32345
2012-01-03,436.05939
2012-01-02,433.78395
2011-12-30,429.12423
2011-12-29,423.68552
2011-12-28,420.32663
2011-12-27,421.83242
2011-12-26,423.99074
2011-12-23,425.85417
2011-12-22,422.57598
2011-12-21,416.62283
2011-12-20,417.2478
2011-12-19,409.01268
2011-12-16,415.11559
2011-12-15,413.84617
2011-12-14,413.38187
2011-12-13,422.17702
2011-12-12,422.88404
2011-12-09,427.12401
2011-12-08,425.19208
2011-12-07,432.18668
2011-12-06,429.12234
2011-12-05,434.32538
2011-12-02,433.14448
2011-12-01,433.65531
2011-11-30,431.93151
2011-11-29,415.20203
2011-11-28,416.00105
2011-11-25,405.02084
2011-11-24,407.32069
2011-11-23,405.89659
2011-11-22,408.66151
2011-11-21,408.22796
2011-11-18,420.03752
2011-11-17,425.23679
2011-11-16,427.37029
2011-11-15,428.78764
2011-11-14,432.81675
2011-11-11,434.55754
2011-11-10,426.34533
2011-11-09,432.79199
2011-11-08,438.86141
2011-11-07,443.51728
2011-11-04,440.15521
2011-11-03,435.55152
2011-11-02,438.20514
2011-11-01,432.60282
2011-10-31,446.20773
2011-10-28,467.89535
2011-10-27,464.55831
2011-10-26,443.97527
2011-10-25,436.92786
2011-10-24,447.64349
2011-10-21,432.47142
2011-10-20,436.73315
2011-10-19,435.10692
2011-10-18,444.13443
2011-10-17,437.96856
2011-10-14,450.84301
2011-10-13,448.40764
2011-10-12,445.59619
2011-10-11,441.45055
2011-10-10,446.53444
2011-10-07,443.43197
2011-10-06,458.63915
2011-10-05,436.88145
2011-10-04,424.11594
2011-10-03,419.34725
2011-09-30,439.73284
2011-09-29,449.05697
2011-09-28,449.12739
2011-09-27,465.71992
2011-09-26,457.50442
2011-09-23,455.7078
2011-09-22,448.07666
2011-09-21,468.48519
2011-09-20,483.89727
2011-09-19,499.08198
2011-09-16,513.25585
2011-09-15,519.5472
2011-09-14,526.53318
2011-09-13,518.17257
2011-09-12,518.05019
2011-09-09,525.58572
2011-09-08,545.10271
2011-09-07,550.17992
2011-09-06,540.14355
2011-09-05,550.25632
2011-09-02,557.62353
2011-09-01,577.1966
2011-08-31,584.76613
2011-08-30,580.43659
2011-08-29,579.22847
2011-08-26,559.1095
2011-08-25,551.8778
2011-08-24,557.03254
2011-08-23,548.05692
2011-08-22,528.88059
2011-08-19,529.84278
2011-08-18,549.19134
2011-08-17,579.90387
2011-08-16,579.67046
2011-08-15,585.54254
2011-08-12,571.74211
2011-08-11,570.8377
2011-08-10,544.27639
2011-08-09,555.84852
2011-08-08,532.25484
2011-08-05,576.2794
2011-08-04,589.32625
2011-08-03,622.24598
2011-08-02,635.15702
2011-08-01,650.47173
2011-07-29,650.12467
2011-07-28,652.24371
2011-07-27,656.39121
2011-07-26,670.49338
2011-07-25,676.70403
2011-07-22,687.45353
2011-07-21,679.65275
2011-07-20,678.02098
2011-07-19,670.42751
2011-07-18,660.84549
2011-07-15,671.95731
2011-07-14,671.15637
2011-07-13,679.66353
2011-07-12,675.09494
2011-07-11,687.6296
2011-07-08,700.79443
2011-07-07,708.21971
2011-07-06,705.3084
2011-07-05,712.25209
2011-07-04,717.03765
2011-07-01,714.58618
2011-06-30,712.2102
2011-06-29,704.95354
2011-06-28,697.14525
2011-06-27,692.06528
2011-06-24,693.8704
2011-06-23,699.91768
2011-06-22,699.06764
2011-06-21,696.71204
2011-06-20,690.49322
2011-06-17,698.67357
2011-06-16,702.32225
2011-06-15,705.97606
2011-06-14,714.66418
2011-06-13,701.06879
2011-06-10,698.83478
2011-06-09,700.0351
2011-06-08,697.10031
2011-06-07,713.85585
2011-06-06,710.9724
2011-06-03,717.13944
2011-06-02,721.62911
2011-06-01,725.26747
2011-05-31,745.60242
2011-05-30,732.96981
2011-05-27,720.74097
2011-05-26,722.27742
2011-05-25,724.37079
2011-05-24,730.63454
2011-05-23,737.40403
2011-05-20,747.38852
2011-05-19,753.482
2011-05-18,758.06732
2011-05-17,757.37262
2011-05-16,764.36127
2011-05-13,774.09577
2011-05-12,777.09247
2011-05-11,775.59252
2011-05-10,774.29159
2011-05-09,768.11613
2011-05-06,768.45646
2011-05-05,754.90464
2011-05-04,750.3017
2011-05-03,768.054
2011-05-02,779.32096
2011-04-29,790.38851
2011-04-28,768.48608
2011-04-27,766.79741
2011-04-26,771.62703
2011-04-25,768.96528
2011-04-22,770.82108
2011-04-21,769.92176
2011-04-20,770.83816
2011-04-19,769.56968
2011-04-18,770.5099
2011-04-15,783.87577
2011-04-14,791.85088
2011-04-13,804.74671
2011-04-12,794.33207
2011-04-11,807.39404
2011-04-08,813.6167
2011-04-07,817.58864
2011-04-06,830.4231
2011-04-05,840.82121
2011-04-04,845.94401
2011-04-01,843.57394
2011-03-31,845.08457
2011-03-30,845.63995
2011-03-29,839.53696
2011-03-28,835.08761
2011-03-25,816.31269
2011-03-24,808.41909
2011-03-23,803.73053
2011-03-22,789.49852
2011-03-21,794.71457
2011-03-18,789.27568
2011-03-17,803.35261
2011-03-16,796.07631
2011-03-15,810.37848
2011-03-14,773.83202
2011-03-11,746.14426
2011-03-10,758.22431
2011-03-09,776.13597
2011-03-08,768.6159
2011-03-07,765.20266
2011-03-04,773.44423
2011-03-03,779.36854
2011-03-02,782.21926
2011-03-01,788.59399
2011-02-28,794.59687
2011-02-25,806.65116
2011-02-24,805.78928
2011-02-23,797.33227
2011-02-22,814.18729
2011-02-21,827.82628
2011-02-18,835.66789
2011-02-17,830.6856
2011-02-16,825.82374
2011-02-15,814.96819
2011-02-14,817.19472
2011-02-11,804.6535
2011-02-10,789.36885
2011-02-09,791.47567
2011-02-08,796.21076
2011-02-07,807.78131
2011-02-04,796.71649
2011-02-03,798.93985
2011-02-02,800.93342
2011-02-01,777.90639
2011-01-31,770.59356
2011-01-28,766.18159
2011-01-27,778.35644
2011-01-26,779.16173
2011-01-25,788.52368
2011-01-24,804.37766
2011-01-21,789.813
2011-01-20,793.18509
2011-01-19,797.89911
2011-01-18,811.09955
2011-01-17,788.173
2011-01-14,786.34777
2011-01-13,791.63534
2011-01-12,805.78996
2011-01-11,792.37335
2011-01-10,784.12333
2011-01-07,779.58453
2011-01-06,779.20018
2011-01-05,775.11416
2011-01-04,770.5513
2011-01-03,769.63888
2010-12-31,758.32485
2010-12-30,760.30159
2010-12-29,763.83577
2010-12-28,759.36048
2010-12-27,762.56568
2010-12-24,767.92772
2010-12-23,767.11987
2010-12-22,771.53817
2010-12-21,771.02591
2010-12-20,759.92669
2010-12-17,762.47492
2010-12-16,759.09544
2010-12-15,758.79548
2010-12-14,759.46018
2010-12-13,760.05231
2010-12-10,766.38192
2010-12-09,757.41718
2010-12-08,753.07494
2010-12-07,750.14074
2010-12-06,752.30578
2010-12-03,745.34662
2010-12-02,741.86565
2010-12-01,730.92414
2010-11-30,724.12624
2010-11-29,730.48382
2010-11-26,740.86425
2010-11-25,741.76067
2010-11-24,742.54431
2010-11-23,735.73008
2010-11-22,737.75832
2010-11-19,743.92703
2010-11-18,741.06566
2010-11-17,736.79602
2010-11-16,751.83389
2010-11-15,769.13539
2010-11-12,766.07404
2010-11-11,782.21067
2010-11-10,792.50983
2010-11-09,799.25632
2010-11-08,798.42826
2010-11-05,791.10598
2010-11-04,787.08427
2010-11-03,779.49078
2010-11-02,777.69592
2010-11-01,769.78131
2010-10-29,776.72248
2010-10-28,787.52855
2010-10-27,791.36654
2010-10-26,791.27894
2010-10-25,791.76134
2010-10-22,783.01803
2010-10-21,785.09829
2010-10-20,787.38414
2010-10-19,789.24269
2010-10-18,806.43649
2010-10-15,805.38467
2010-10-14,813.89142
2010-10-13,811.62664
2010-10-12,802.89248
2010-10-11,810.47523
2010-10-08,795.62064
2010-10-07,798.72533
2010-10-06,794.49264
2010-10-05,797.48716
2010-10-04,788.42816
2010-10-01,795.85868
2010-09-30,807.78414
2010-09-29,799.47469
2010-09-28,793.62599
2010-09-27,791.75161
2010-09-24,795.01076
2010-09-23,790.21713
2010-09-22,791.58088
2010-09-21,801.24619
2010-09-20,803.66738
2010-09-17,801.10873
2010-09-16,809.87991
2010-09-15,812.44212
2010-09-14,815.83705
2010-09-13,815.91867
2010-09-10,814.21889
2010-09-09,814.21575
2010-09-08,808.89725
2010-09-07,806.27474
2010-09-06,810.92808
2010-09-03,806.51246
2010-09-02,807.48829
2010-09-01,798.99031
2010-08-31,782.05469
2010-08-30,779.63375
2010-08-27,783.92931
2010-08-26,769.1032
2010-08-25,762.70509
2010-08-24,766.21583
2010-08-23,778.85626
2010-08-20,780.37861
2010-08-19,784.72666
2010-08-18,793.5433
2010-08-17,804.77241
2010-08-16,794.50027
2010-08-13,794.8546
2010-08-12,795.62967
2010-08-11,792.39211
2010-08-10,809.47015
2010-08-09,819.95842
2010-08-06,809.41882
2010-08-05,813.33511
2010-08-04,811.90179
2010-08-03,803.70776
2010-08-02,805.26048
2010-07-30,792.02943
2010-07-29,813.23496
2010-07-28,827.10725
2010-07-27,833.34694
2010-07-26,839.746
2010-07-23,842.25914
2010-07-22,835.01241
2010-07-21,815.29747
2010-07-20,812.4533
2010-07-19,798.46813
2010-07-16,799.02764
2010-07-15,812.37537
2010-07-14,817.64014
2010-07-13,815.24908
2010-07-12,815.40234
2010-07-09,824.94426
2010-07-08,814.43812
2010-07-07,804.26588
2010-07-06,779.30495
2010-07-05,770.19219
2010-07-02,767.86607
2010-07-01,757.60921
2010-06-30,762.4971
2010-06-29,767.71756
2010-06-28,799.76565
2010-06-25,797.86554
2010-06-24,795.86599
2010-06-23,818.73439
2010-06-22,820.28439
2010-06-21,836.62859
2010-06-18,827.53742
2010-06-17,819.95709
2010-06-16,817.96492
2010-06-15,817.52413
2010-06-14,796.77228
2010-06-11,798.97745
2010-06-10,780.62286
2010-06-09,749.29052
2010-06-08,747.88682
2010-06-07,751.60785
2010-06-04,771.46248
2010-06-03,783.92313
2010-06-02,766.51926
2010-06-01,763.18304
2010-05-31,782.05506
2010-05-28,779.822
2010-05-27,782.8464
2010-05-26,754.26564
2010-05-25,741.61439
2010-05-24,755.27517
2010-05-21,763.7541
2010-05-20,757.31222
2010-05-19,778.78883
2010-05-18,798.77463
2010-05-17,808.41596
2010-05-14,822.84277
2010-05-13,842.32353
2010-05-12,844.34023
2010-05-11,830.24878
2010-05-10,849.70648
2010-05-07,801.90476
2010-05-06,815.57257
2010-05-05,850.97603
2010-05-04,867.58052
2010-05-03,900.02197
2010-04-30,888.00708
2010-04-29,904.84482
2010-04-28,879.32072
2010-04-27,889.08199
2010-04-26,907.1012
2010-04-23,909.74417
2010-04-22,906.15286
2010-04-21,903.06803
2010-04-20,918.48742
2010-04-19,899.9755
2010-04-16,913.8486
2010-04-15,942.10038
2010-04-14,929.95462
2010-04-13,921.44151
2010-04-12,919.49838
2010-04-09,914.99035
2010-04-08,923.25019
2010-04-07,929.00936
2010-04-06,907.67868
2010-04-05,901.23917
2010-04-02,898.40611
2010-04-01,893.80345
2010-03-31,890.13966
2010-03-30,897.04589
2010-03-29,894.23692
2010-03-26,884.0608
2010-03-25,882.37691
2010-03-24,875.87336
2010-03-23,870.44384
2010-03-22,854.13305
2010-03-19,859.94757
2010-03-18,870.47532
2010-03-17,876.04893
2010-03-16,871.80507
2010-03-15,871.31144
2010-03-12,878.08738
2010-03-11,882.46745
2010-03-10,880.97743
2010-03-09,867.40057
2010-03-08,871.43632
2010-03-05,880.57311
2010-03-04,869.69965
2010-03-03,861.04192
2010-03-02,847.00434
2010-03-01,841.26764
2010-02-26,840.2926
2010-02-25,838.33259
2010-02-24,845.90949
2010-02-23,855.20819
2010-02-22,873.51946
2010-02-19,883.07109
2010-02-18,899.92717
2010-02-17,896.44903
2010-02-16,891.46492
2010-02-15,879.15411
2010-02-12,872.29511
2010-02-11,871.86943
2010-02-10,857.56186
2010-02-09,872.76948
2010-02-08,858.57539
2010-02-05,882.87161
2010-02-04,874.46649
2010-02-03,915.49526
2010-02-02,916.71944
2010-02-01,909.33664
2010-01-29,893.45741
2010-01-28,895.86703
2010-01-27,905.38067
2010-01-26,919.9454
2010-01-25,914.55516
2010-01-22,902.96786
2010-01-21,940.45745
2010-01-20,961.82984
2010-01-19,986.5489
2010-01-18,979.56238
2010-01-15,981.41516
2010-01-14,1005.34672
2010-01-13,1028.4687
2010-01-12,1031.00641
2010-01-11,1056.57202
2010-01-08,1053.13833
2010-01-07,1049.72982
2010-01-06,1044.4075
2010-01-05,1033.71482
2010-01-04,1005.76622
2009-12-31,984.80427