Date,PX_LAST,VOLATILITY_30D
#NAME?,20.23154,90.46
2022-12-29,20.07115,90.8
2022-12-28,20.82981,90.25
2022-12-27,20.35157,89.94
2022-12-23,19.64975,89.7
2022-12-22,20.75579,89.99
2022-12-21,18.93218,86.95
2022-12-20,20.23552,91.11
2022-12-19,21.10118,91.13
2022-12-16,21.32956,92.21
2022-12-15,21.53977,92.29
2022-12-14,19.84604,89.1
2022-12-13,21.24352,87.22
2022-12-12,23.73268,81.1
2022-12-09,21.64802,75.54
2022-12-08,21.13998,75.15
2022-12-07,21.56303,76.6
2022-12-06,21.15054,76.43
2022-12-05,19.77132,73.86
2022-12-02,18.10754,67.99
2022-12-01,18.88085,67.81
2022-11-30,19.95153,66.73
2022-11-29,21.17021,65.47
2022-11-28,21.41755,66.14
2022-11-25,19.70017,59.16
2022-11-24,19.61764,58.99
2022-11-23,19.63528,59.3
2022-11-22,20.67793,59.73
2022-11-21,21.85087,59
2022-11-18,22.37492,60.38
2022-11-17,23.12077,62.27
2022-11-16,23.21841,63.55
2022-11-15,23.63024,68.16
2022-11-14,22.95859,67.25
2022-11-11,21.77529,65.67
2022-11-10,23.19826,64.88
2022-11-09,26.01975,56.4
2022-11-08,25.31721,57.74
2022-11-07,24.29655,60.78
2022-11-04,24.7405,61.24
2022-11-03,25.9567,66.29
2022-11-02,26.17409,73.92
2022-11-01,26.11819,74.1
2022-10-31,26.17579,75.27
2022-10-28,25.90804,77.15
2022-10-27,27.45039,75.35
2022-10-26,27.07424,75.26
2022-10-25,28.59152,73.26
2022-10-24,30.2401,72.29
2022-10-21,30.17583,84.18
2022-10-20,30.58247,84.32
2022-10-19,31.49703,85.06
2022-10-18,30.94562,86.43
2022-10-17,31.88332,91.09
2022-10-14,32.94917,90.75
2022-10-13,32.67519,90.88
2022-10-12,34.66543,88.59
2022-10-11,34.43932,88.64
2022-10-10,33.48122,88.79
2022-10-07,32.12786,88.24
2022-10-06,31.13333,88.04
2022-10-05,28.94657,97.21
2022-10-04,29.15747,98.6
2022-10-03,30.68923,98.66
2022-09-30,32.29826,96.93
2022-09-29,32.56956,105.91
2022-09-28,31.10699,106.26
2022-09-27,34.02212,101.46
2022-09-26,33.52733,101.48
2022-09-23,30.82312,99.82
2022-09-22,27.79472,96.16
2022-09-21,28.35866,96.39
2022-09-20,27.21443,96.04
2022-09-19,25.72913,101.52
2022-09-16,26.2816,101.23
2022-09-15,26.25425,101.21
2022-09-14,26.16785,101.32
2022-09-13,27.27546,100.93
2022-09-12,23.53115,94.65
2022-09-09,22.66759,95.4
2022-09-08,23.68342,96.02
2022-09-07,24.70671,96.37
2022-09-06,27.15713,92.72
2022-09-05,26.17585,94.16
2022-09-02,25.54664,95.79
2022-09-01,25.72205,95.79
2022-08-31,25.73105,95.86
2022-08-30,26.14725,96.29
2022-08-29,26.17074,96.56
2022-08-26,25.61122,97.2
2022-08-25,21.86527,84.92
2022-08-24,22.92776,88.32
2022-08-23,24.16074,87.09
2022-08-22,23.96295,87.14
2022-08-19,20.52611,73.5
2022-08-18,19.38553,74.69
2022-08-17,19.57698,76.2
2022-08-16,19.36848,76.04
2022-08-15,19.60495,76.13
2022-08-12,19.04066,75.64
2022-08-11,19.5547,76.4
2022-08-10,19.11864,77.48
2022-08-09,21.30554,71.93
2022-08-08,20.88074,71.45
2022-08-05,20.76991,74.11
2022-08-04,20.94364,74.15
2022-08-03,21.62562,76.05
2022-08-02,23.47229,72.71
2022-08-01,22.23087,71.25
2022-07-29,20.91792,68.09
2022-07-28,21.98267,67.08
2022-07-27,22.98487,67.25
2022-07-26,24.38037,71.86
2022-07-25,22.85491,73.3
2022-07-22,22.50782,73.27
2022-07-21,22.69692,99.38
2022-07-20,23.43244,101.8
2022-07-19,23.92344,105.39
2022-07-18,24.88443,104.62
2022-07-15,24.03531,105.05
2022-07-14,26.42378,100.82
2022-07-13,26.60186,100.76
2022-07-12,27.12184,101.78
2022-07-11,26.00358,101.16
2022-07-08,24.23527,98.96
2022-07-07,25.68193,97.58
2022-07-06,26.27543,99.53
2022-07-05,26.88141,99.89
2022-07-04,26.41274,100.15
2022-07-01,25.66814,100.15
2022-06-30,27.3872,99.15
2022-06-29,26.95769,99.05
2022-06-28,26.95049,100.8
2022-06-27,25.42933,112.92
2022-06-24,25.81777,114.42
2022-06-23,27.64297,113.59
2022-06-22,27.37589,117.45
2022-06-21,28.65958,116.74
2022-06-20,29.48779,116.51
2022-06-17,29.73825,117.31
2022-06-16,31.20265,124.02
2022-06-15,28.53015,121.63
2022-06-14,31.37236,133.32
2022-06-13,32.59557,140.33
2022-06-10,26.38585,128.44
2022-06-09,24.49305,126.19
2022-06-08,22.332,127.12
2022-06-07,22.4465,127.65
2022-06-06,23.42772,127.84
2022-06-03,23.1056,145.28
2022-06-02,23.00819,145.61
2022-06-01,24.14701,160.13
2022-05-31,24.40365,163.07
2022-05-30,24.60597,164.12
2022-05-27,24.01494,164.61
2022-05-26,25.68653,163.27
2022-05-25,26.626,163.11
2022-05-24,27.44385,166.62
2022-05-23,26.67416,166.5
2022-05-20,27.89838,170.46
2022-05-19,27.70698,170.69
2022-05-18,29.52227,169.45
2022-05-17,24.75576,162.24
2022-05-16,26.35012,164.62
2022-05-13,27.73561,164.56
2022-05-12,30.67194,161.66
2022-05-11,30.91824,162.16
2022-05-10,31.31764,161.85
2022-05-09,32.86363,161.75
2022-05-06,28.56467,159.09
2022-05-05,29.68319,159.14
2022-05-04,24.09707,149.74
2022-05-03,27.81476,142.69
2022-05-02,30.77362,138.95
2022-04-29,31.66177,138.59
2022-04-28,28.52659,137.6
2022-04-27,29.91574,137.74
2022-04-26,31.4476,141.66
2022-04-25,25.21699,125.99
2022-04-22,26.17126,125.93
2022-04-21,20.91479,104.98
2022-04-20,18.7402,99.3
2022-04-19,19.79437,101.34
2022-04-18,20.57923,101.43
2022-04-14,20.98743,111.2
2022-04-13,20.05146,111.93
2022-04-12,22.37595,107.67
2022-04-11,22.40302,109.82
2022-04-08,19.46284,106.08
2022-04-07,19.81245,110.45
2022-04-06,20.26036,113.89
2022-04-05,19.26883,112.35
2022-04-04,16.92027,107.03
2022-04-01,17.7808,107.48
2022-03-31,18.55261,107.03
2022-03-30,17.32545,114.74
2022-03-29,17.05776,115.49
2022-03-28,17.85519,118.3
2022-03-25,18.93367,118.45
2022-03-24,19.71075,126.05
2022-03-23,21.41559,134.44
2022-03-22,20.81103,136.36
2022-03-21,21.3308,137.63
2022-03-18,21.58423,137.64
2022-03-17,23.07001,136.9
2022-03-16,24.28077,138.02
2022-03-15,27.2719,132.64
2022-03-14,28.94761,137.27
2022-03-11,28.16966,141.99
2022-03-10,27.50682,145.12
2022-03-09,29.25532,144.26
2022-03-08,32.10271,141.42
2022-03-07,33.51724,141.08
2022-03-04,29.26963,135.82
2022-03-03,27.58121,139.11
2022-03-02,27.68621,140.42
2022-03-01,29.9937,137.95
2022-02-28,26.90763,143.92
2022-02-25,24.54408,143.32
2022-02-24,27.15143,144.01
2022-02-23,27.42221,145.34
2022-02-22,25.41909,145.78
2022-02-18,24.5098,145.77
2022-02-17,24.7469,146.85
2022-02-16,21.35385,140.76
2022-02-15,22.62523,145.55
2022-02-14,25.04863,141.03
2022-02-11,24.00632,141.48
2022-02-10,20.85478,136.28
2022-02-09,17.4506,126.12
2022-02-08,18.77244,124.48
2022-02-07,20.01927,122.61
2022-02-04,20.27239,122.65
2022-02-03,21.27753,122.22
2022-02-02,19.52966,126.2
2022-02-01,19.52868,128.74
2022-01-31,22.1321,123.94
2022-01-28,24.80495,119
2022-01-27,27.3723,114.85
2022-01-26,28.31325,121.63
2022-01-25,27.60454,123.08
2022-01-24,26.39477,124.59
2022-01-21,25.42746,133.51
2022-01-20,22.59204,131.43
2022-01-19,21.02433,134.15
2022-01-18,20.12717,148.19
2022-01-14,16.83038,140.2
2022-01-13,17.72097,143.43
2022-01-12,15.39671,138.03
2022-01-11,16.21455,145.07
2022-01-10,17.12419,153.96
2022-01-07,16.51845,165.76
2022-01-06,17.36013,210.7
2022-01-05,17.39705,211.01
2022-01-04,14.97255,205.89
2022-01-03,14.7111,207.09
2021-12-31,15.12384,207.09
2021-12-30,15.31595,207.18
2021-12-29,14.94973,207.49
2021-12-28,15.50703,207.17
2021-12-27,15.60872,207.2
2021-12-23,15.84193,208.66
2021-12-22,16.44452,208.99
2021-12-21,18.64738,205.94
2021-12-20,20.26764,204.14
2021-12-17,19.14271,203.86
2021-12-16,18.17459,204.13
2021-12-15,17.13144,203.63
2021-12-14,19.4198,200.53
2021-12-13,17.98459,199.74
2021-12-10,16.51206,198.3
2021-12-09,19.11426,192.68
2021-12-08,17.53458,191.62
2021-12-07,19.46816,189.07
2021-12-06,24.09788,175.92
2021-12-03,27.1152,170.9
2021-12-02,24.72795,169.62
2021-12-01,27.48146,165.79
2021-11-30,24.03855,162.68
2021-11-29,20.37629,157.14
2021-11-26,25.31847,140.19
2021-11-24,16.59521,65.16
2021-11-23,17.22054,71.49
2021-11-22,17.04303,74.4
2021-11-19,15.85236,70.89
2021-11-18,15.47054,73.23
2021-11-17,15.11618,73.72
2021-11-16,14.45092,74.93
2021-11-15,14.4827,74.91
2021-11-12,14.22832,76.96
2021-11-11,15.42223,78.57
2021-11-10,16.26998,81.55
2021-11-09,15.33816,79.72
2021-11-08,14.86277,78.87
2021-11-05,14.25976,103.12
2021-11-04,13.37144,102.67
2021-11-03,13.03522,102.98
2021-11-02,13.83925,106.8
2021-11-01,14.15387,115.44
2021-10-29,14.09134,115.95
2021-10-28,14.15482,134.43
2021-10-27,14.62658,138.72
2021-10-26,13.79132,137.83
2021-10-25,13.13114,138.06
2021-10-22,13.26513,138.1
2021-10-21,12.89962,139.2
2021-10-20,13.28929,143.62
2021-10-19,13.49261,144.38
2021-10-18,14.03373,143.97
2021-10-15,14.05778,147.5
2021-10-14,14.54953,147.11
2021-10-13,16.0995,143.64
2021-10-12,17.21895,142.22
2021-10-11,17.29655,142.2
2021-10-08,16.23141,141.25
2021-10-07,16.90897,147.56
2021-10-06,18.19284,149.48
2021-10-05,18.35416,149.76
2021-10-04,19.76074,147.62
2021-10-01,18.23748,148.49
2021-09-30,19.99827,153.53
2021-09-29,19.4466,153.33
2021-09-28,19.90241,162.75
2021-09-27,16.03145,153.06
2021-09-24,15.15022,152.73
2021-09-23,15.86342,152.04
2021-09-22,17.78441,147.85
2021-09-21,20.7708,140.04
2021-09-20,21.93312,138.5
2021-09-17,17.74689,124.6
2021-09-16,15.89286,122.15
2021-09-15,15.40156,122.46
2021-09-14,16.46084,120.69
2021-09-13,16.40552,122.94
2021-09-10,17.7257,121.95
2021-09-09,15.88911,117.94
2021-09-08,15.19587,117.83
2021-09-07,15.31448,118.89
2021-09-03,13.80151,118.13
2021-09-02,13.83059,118.29
2021-09-01,13.59723,118.4
2021-08-31,13.95782,118.21
2021-08-30,13.72266,121.39
2021-08-27,13.88865,126.83
2021-08-26,16.02995,134.88
2021-08-25,14.27721,132.48
2021-08-24,14.65781,132.86
2021-08-23,14.60942,133.76
2021-08-20,15.85918,132.46
2021-08-19,18.54038,122.68
2021-08-18,18.43747,133.2
2021-08-17,15.29593,129.52
2021-08-16,13.69002,125.25
2021-08-13,13.09322,127.45
2021-08-12,13.28165,127.64
2021-08-11,13.67041,127.51
2021-08-10,14.33083,126.68
2021-08-09,14.23948,126.77
2021-08-06,13.73767,126.38
2021-08-05,14.59583,125.15
2021-08-04,15.17993,124.7
2021-08-03,15.20054,124.9
2021-08-02,16.39427,124.73
2021-07-30,15.38072,131.27
2021-07-29,14.89272,139.4
2021-07-28,15.49856,138.86
2021-07-27,16.35688,139.03
2021-07-26,14.88317,136.67
2021-07-23,14.61591,137.15
2021-07-22,15.03868,137.02
2021-07-21,15.18698,140.88
2021-07-20,16.75157,138.07
2021-07-19,19.06941,131.79
2021-07-16,15.62103,118.3
2021-07-15,14.41159,119.74
2021-07-14,13.80039,119.6
2021-07-13,14.50356,118.84
2021-07-12,13.63636,118.92
2021-07-09,13.6333,118.92
2021-07-08,16.04052,108.43
2021-07-07,13.72881,100.43
2021-07-06,13.91452,100.67
2021-07-02,12.72374,100.13
2021-07-01,13.06439,100.06
2021-06-30,13.35978,101.72
2021-06-29,13.46671,102.8
2021-06-28,13.21815,105.48
2021-06-25,13.08536,106.55
2021-06-24,13.38979,123.03
2021-06-23,13.67292,132.61
2021-06-22,13.95894,153.68
2021-06-21,15.00965,155.99
2021-06-18,17.43158,156.72
2021-06-17,14.92098,153.38
2021-06-16,14.97772,153.96
2021-06-15,14.03827,152.58
2021-06-14,13.52087,153.5
2021-06-11,12.93709,152.82
2021-06-10,13.22165,154.11
2021-06-09,14.69284,150.89
2021-06-08,14.01708,150.3
2021-06-07,13.46453,149.75
2021-06-04,13.50218,149.86
2021-06-03,14.88449,149.03
2021-06-02,14.31379,150.03
2021-06-01,14.63255,151.15
2021-05-28,13.73658,151.81
2021-05-27,13.73482,152.83
2021-05-26,14.22951,152.57
2021-05-25,15.39216,150.79
2021-05-24,15.06345,150.74
2021-05-21,16.56527,147.83
2021-05-20,16.91766,147.61
2021-05-19,18.16395,145.8
2021-05-18,17.46746,145.65
2021-05-17,16.22244,145.29
2021-05-14,15.49806,144.68
2021-05-13,19.14735,128.99
2021-05-12,22.8659,121.73
2021-05-11,17.95462,98.65
2021-05-10,16.16909,94.6
2021-05-07,13.7355,85.38
2021-05-06,15.26141,80.86
2021-05-05,15.96632,81.92
2021-05-04,16.20902,83.18
2021-05-03,15.19124,84.39
2021-04-30,15.47352,90.01
2021-04-29,14.5321,87.79
2021-04-28,14.2928,94.79
2021-04-27,14.54726,95
2021-04-26,14.59178,95.01
2021-04-23,14.34959,95.07
2021-04-22,15.57998,93.41
2021-04-21,14.54938,90.89
2021-04-20,15.52785,90.88
2021-04-19,14.36285,87.98
2021-04-16,13.56314,86.65
2021-04-15,13.84178,94.49
2021-04-14,14.17605,98.55
2021-04-13,13.94706,104.29
2021-04-12,14.191,104.98
2021-04-09,14.02521,115.82
2021-04-08,14.21741,115.82
2021-04-07,14.44201,149.31
2021-04-06,15.2834,150.17
2021-04-05,15.15741,150.1
2021-04-01,14.72012,151.02
2021-03-31,16.51064,147.42
2021-03-30,16.73494,148.03
2021-03-29,17.61508,147.26
2021-03-26,15.99661,146
2021-03-25,16.82378,146.4
2021-03-24,17.92509,145.49
2021-03-23,17.12069,144.86
2021-03-22,15.80975,142.76
2021-03-19,17.59174,139.23
2021-03-18,18.09037,139.76
2021-03-17,16.14881,135.79
2021-03-16,16.62606,139.21
2021-03-15,16.79242,146.79
2021-03-12,17.31671,148.26
2021-03-11,18.30104,151.04
2021-03-10,18.94525,162.22
2021-03-09,20.21706,219.9
2021-03-08,21.48098,219.07
2021-03-05,20.70181,219.47
2021-03-04,23.82024,214.86
2021-03-03,22.09611,214.04
2021-03-02,19.95033,213.26
2021-03-01,19.39208,213.6
2021-02-26,23.13742,207.04
2021-02-25,23.65512,207.16
2021-02-24,17.57536,187.43
2021-02-23,19.02684,186.17
2021-02-22,19.27661,189.38
2021-02-19,18.18257,188.89
2021-02-18,18.61447,191.71
2021-02-17,17.84973,191.21
2021-02-16,17.72236,192.03
2021-02-12,16.47282,197.74
2021-02-11,17.52288,196.94
2021-02-10,18.11666,196.76
2021-02-09,17.86865,197.54
2021-02-08,17.63095,197.51
2021-02-05,17.33677,198.83
2021-02-04,18.20082,198.66
2021-02-03,19.04881,198.44
2021-02-02,21.26633,200.9
2021-02-01,25.05385,194
2021-01-29,27.27498,192.22
2021-01-28,24.91546,190.92
2021-01-27,30.70639,180.7
2021-01-26,18.93559,108.54
2021-01-25,19.09428,109.02
2021-01-22,18.00773,107.57
2021-01-21,17.54877,109.86
2021-01-20,17.8244,110.09
2021-01-19,19.17334,107.91
2021-01-15,20.12568,107.03
2021-01-14,19.11064,106.04
2021-01-13,18.2573,105.29
2021-01-12,19.16222,104.12
2021-01-11,19.79124,103.66
2021-01-08,17.63022,98
2021-01-07,18.2374,97.69
2021-01-06,20.38377,92.74
2021-01-05,20.60163,93.69
2021-01-04,22.01094,91.56
2020-12-31,18.60941,76.64
2020-12-30,18.52877,78.11
2020-12-29,18.85313,78
2020-12-28,17.77814,76.28
2020-12-24,17.67217,81.01
2020-12-23,19.12694,81.42
2020-12-22,19.90144,82.04
2020-12-21,20.56228,82.23
2020-12-18,17.62687,68.02
2020-12-17,17.88744,74.86
2020-12-16,18.4896,77.29
2020-12-15,18.82247,93.2
2020-12-14,20.33229,91.93
2020-12-11,19.23744,89.27
2020-12-10,18.58086,88.28
2020-12-09,18.44765,88.77
2020-12-08,17.06975,106.19
2020-12-07,17.55543,106.92
2020-12-04,17.11957,119.51
2020-12-03,17.52017,119.5
2020-12-02,17.506,119.45
2020-12-01,17.24367,119.27
2020-11-30,17.20763,119.27
2020-11-27,17.42912,121.08
2020-11-25,17.83317,121.23
2020-11-24,18.22623,121.6
2020-11-23,19.1369,121.02
2020-11-20,19.99325,121.33
2020-11-19,19.50869,121.07
2020-11-18,20.08425,121.99
2020-11-17,19.14356,122.06
2020-11-16,18.95795,122.54
2020-11-13,19.53323,123.79
2020-11-12,21.48305,120.75
2020-11-11,19.91846,118.93
2020-11-10,20.98139,118.09
2020-11-09,21.78695,117.6
2020-11-06,20.92416,116.9
2020-11-05,23.36694,112.06
2020-11-04,25.24114,111.85
2020-11-03,30.35867,95.91
2020-11-02,31.93154,95.62
2020-10-30,32.6464,95.92
2020-10-29,32.24395,98.34
2020-10-28,34.27793,96.47
2020-10-27,28.20296,78.64
2020-10-26,27.47123,78.52
2020-10-23,23.26269,61.46
2020-10-22,23.7777,62.43
2020-10-21,24.12835,69.17
2020-10-20,24.8161,69.13
2020-10-19,24.76659,74.11
2020-10-16,23.38937,72.34
2020-10-15,23.05719,76.44
2020-10-14,22.46617,105.32
2020-10-13,22.21559,105.52
2020-10-12,21.22598,104.63
2020-10-09,21.14523,112.37
2020-10-08,22.4245,113.08
2020-10-07,23.83622,112.27
2020-10-06,25.02334,111.75
2020-10-05,23.72105,111.19
2020-10-02,23.57911,111.32
2020-10-01,22.73308,110.97
2020-09-30,22.49616,110.96
2020-09-29,22.3803,111.81
2020-09-28,22.46911,111.77
2020-09-25,22.70419,112.35
2020-09-24,24.44483,109.63
2020-09-23,24.46708,109.72
2020-09-22,22.94942,111.28
2020-09-21,23.66068,113.05
2020-09-18,21.76808,110.62
2020-09-17,22.382,110.27
2020-09-16,22.00625,110.38
2020-09-15,21.58947,111.1
2020-09-14,21.7831,111.34
2020-09-11,22.70001,110.56
2020-09-10,25.05482,106.09
2020-09-09,24.40698,106.06
2020-09-08,26.67006,103.86
2020-09-04,25.98226,103.9
2020-09-03,28.39517,101.35
2020-09-02,22.42573,72.82
2020-09-01,21.88705,75.16
2020-08-31,22.11152,75.55
2020-08-28,19.31197,63.1
2020-08-27,20.74256,61.19
2020-08-26,19.667,63.84
2020-08-25,18.65052,61.24
2020-08-24,18.95763,63.22
2020-08-21,19.1455,67.49
2020-08-20,19.16653,85
2020-08-19,18.97626,86.82
2020-08-18,18.02111,86.41
2020-08-17,17.98955,87.13
2020-08-14,18.61545,89.06
2020-08-13,18.72726,89.13
2020-08-12,18.89417,89.34
2020-08-11,20.41458,88.45
2020-08-10,18.82924,84.41
2020-08-07,18.87161,87.2
2020-08-06,19.06566,91.42
2020-08-05,19.36326,91.88
2020-08-04,20.1732,95.64
2020-08-03,20.66559,95.58
2020-07-31,20.74464,99.72
2020-07-30,20.97594,102.46
2020-07-29,20.46883,101.84
2020-07-28,21.67874,100.94
2020-07-27,21.06428,100.2
2020-07-24,22.20885,100.18
2020-07-23,22.44406,104.43
2020-07-22,21.00717,159.11
2020-07-21,21.56999,158.97
2020-07-20,21.38299,160.14
2020-07-17,22.45737,160.24
2020-07-16,24.54203,158.57
2020-07-15,24.33593,158.57
2020-07-14,25.88792,158.18
2020-07-13,28.31633,156.62
2020-07-10,24.15044,149.21
2020-07-09,25.91445,148.16
2020-07-08,24.77064,147.71
2020-07-07,26.06732,146.95
2020-07-06,24.71036,146.08
2020-07-02,24.65046,146.56
2020-07-01,25.40838,147.33
2020-06-30,27.06573,148.67
2020-06-29,28.30676,148.51
2020-06-26,30.92609,148.83
2020-06-25,28.69867,147.27
2020-06-24,30.00532,148.37
2020-06-23,27.73897,147.87
2020-06-22,28.21241,157.31
2020-06-19,31.37675,153.68
2020-06-18,29.42648,157.12
2020-06-17,29.80144,159.04
2020-06-16,29.88108,159.15
2020-06-15,30.48294,160.12
2020-06-12,32.11997,159.54
2020-06-11,35.90037,157.65
2020-06-10,24.28861,106.11
2020-06-09,24.30574,108.02
2020-06-08,22.85891,105.97
2020-06-05,21.71641,106.15
2020-06-04,22.78224,112.11
2020-06-03,22.83528,112.01
2020-06-02,24.02005,112.94
2020-06-01,25.36388,113.64
2020-05-29,24.78825,122.26
2020-05-28,25.79859,122.6
2020-05-27,25.16629,122.06
2020-05-26,25.51931,125.43
2020-05-22,25.86334,127.73
2020-05-21,26.95573,127.43
2020-05-20,25.50109,126.06
2020-05-19,27.93485,125.1
2020-05-18,26.85856,124.54
2020-05-15,29.50865,122.31
2020-05-14,30.24485,123.86
2020-05-13,32.60026,125.61
2020-05-12,30.44881,125.59
2020-05-11,25.50888,110.9
2020-05-08,25.79515,115.3
2020-05-07,29.07611,115.01
2020-05-06,31.57213,114.18
2020-05-05,31.00554,114.49
2020-05-04,33,113.94
2020-05-01,33.84601,115.27
2020-04-30,31.22428,112.36
2020-04-29,28.78872,107.37
2020-04-28,30.99151,107.56
2020-04-27,30.76425,107.72
2020-04-24,33.30552,155.75
2020-04-23,38.26521,167.95
2020-04-22,38.81287,200.4
2020-04-21,41.87569,203.51
2020-04-20,40.32199,206.68
2020-04-17,35.10629,216.09
2020-04-16,37.02234,216
2020-04-15,37.40954,224.42
2020-04-14,34.43684,227.38
2020-04-13,37.71183,227.32
2020-04-09,38.10351,235.57
2020-04-08,39.90243,235.17
2020-04-07,42.85977,254.66
2020-04-06,41.88113,254.79
2020-04-03,43.38556,255.6
2020-04-02,46.95628,275.11
2020-04-01,52.22883,271.77
2020-03-31,48.80139,271.88
2020-03-30,51.79673,270.96
2020-03-27,59.05569,265.52
2020-03-26,55.33382,266.76
2020-03-25,58.8804,264.57
2020-03-24,57.33011,268.22
2020-03-23,57.28769,268.1
2020-03-20,61.91057,266.26
2020-03-19,67.39049,262.97
2020-03-18,70.47382,261.96
2020-03-17,69.08446,263.85
2020-03-16,74.10162,265.91
2020-03-13,52.18843,250.66
2020-03-12,67.46826,237.18
2020-03-11,47.76252,221.47
2020-03-10,41.79922,219.76
2020-03-09,47.50938,218.73
2020-03-06,37.09863,216.9
2020-03-05,35.33084,218.24
2020-03-04,28.75764,212.06
2020-03-03,32.99579,205.73
2020-03-02,29.89267,204.96
2020-02-28,36.46032,192.52
2020-02-27,35.66485,192.96
2020-02-26,25.33321,168.95
2020-02-25,25.59037,168.67
2020-02-24,23.02456,167.58
2020-02-21,15.73034,126.01
2020-02-20,14.41675,125.97
2020-02-19,13.32468,124.18
2020-02-18,13.7264,123.78
2020-02-14,12.61643,121.3
2020-02-13,13.0511,125.7
2020-02-12,12.62984,128.87
2020-02-11,13.89855,127.53
2020-02-10,13.78552,130.62
2020-02-07,14.13689,131.04
2020-02-06,13.63098,130.76
2020-02-05,13.77148,130.67
2020-02-04,14.542,129.29
2020-02-03,16.24921,123.87
2020-01-31,16.99901,122.73
2020-01-30,14.03334,109.81
2020-01-29,14.89323,107.78
2020-01-28,14.7879,108.93
2020-01-27,16.55016,107.61
2020-01-24,13.20395,87.17
2020-01-23,11.74554,80.06
2020-01-22,11.64532,79.95
2020-01-21,11.58493,93.08
2020-01-17,10.90975,92.55
2020-01-16,11.06421,92.63
2020-01-15,11.13103,94.85
2020-01-14,11.13108,97.51
2020-01-13,11.05925,109.7
2020-01-10,11.29293,111.55
2020-01-09,11.29221,111.67
2020-01-08,12.0975,109.94
2020-01-07,12.37548,110.35
2020-01-06,12.37159,111.9
2020-01-03,12.54923,112.05
2020-01-02,11.16383,106.33
2019-12-31,12.2718,102.7
2019-12-30,13.21916,100.14
2019-12-27,12.00823,99.64
2019-12-26,11.39332,98.33
2019-12-24,11.42677,98.67
2019-12-23,11.36958,98.66
2019-12-20,11.30183,99.72
2019-12-19,11.23596,100.93
2019-12-18,11.31498,100.97
2019-12-17,11.02044,101.21
2019-12-16,10.89473,101.52
2019-12-13,11.362,101.64
2019-12-12,12.54725,99.55
2019-12-11,13.51424,98.5
2019-12-10,14.14269,99.9
2019-12-09,14.34385,99.71
2019-12-06,12.32022,89.44
2019-12-05,13.07519,90.75
2019-12-04,13.35981,90.72
2019-12-03,14.39394,88.17
2019-12-02,13.46275,86.49
2019-11-29,11.45606,71.18
2019-11-27,10.68182,68.28
2019-11-26,10.47187,67.9
2019-11-25,10.78503,67.57
2019-11-22,11.19376,69.96
2019-11-21,11.86839,70.44
2019-11-20,11.54784,77.88
2019-11-19,11.60545,79.38
2019-11-18,11.24346,81.03
2019-11-15,10.90103,91.25
2019-11-14,11.84425,90.4
2019-11-13,11.81926,95.7
2019-11-12,11.51576,96.61
2019-11-11,11.49561,102.71
2019-11-08,10.95281,109.96
2019-11-07,11.52975,110.09
2019-11-06,11.4043,112.4
2019-11-05,11.83592,112.16
2019-11-04,11.51602,112.69
2019-11-01,11.01953,119.45
2019-10-31,11.86076,117.83
2019-10-30,11.09112,119.33
2019-10-29,11.88333,117.7
2019-10-28,11.80868,118.05
2019-10-25,11.42315,117.61
2019-10-24,12.34357,117.62
2019-10-23,12.59779,117.93
2019-10-22,12.97909,118
2019-10-21,12.5538,117.98
2019-10-18,12.77111,117.9
2019-10-17,12.39439,117.61
2019-10-16,12.34546,119.84
2019-10-15,12.28341,121.05
2019-10-14,13.20943,125.13
2019-10-11,14.09827,124.72
2019-10-10,15.94808,121.14
2019-10-09,16.98715,121.86
2019-10-08,18.51548,119.86
2019-10-07,16.2615,114.15
2019-10-04,15.51347,113.3
2019-10-03,17.40872,119.48
2019-10-02,18.76255,117.77
2019-10-01,16.96837,118.9
2019-09-30,14.89498,112.66
2019-09-27,15.73465,114.71
2019-09-26,14.70804,119.39
2019-09-25,14.58467,119.58
2019-09-24,15.4803,139.36
2019-09-23,13.57058,143.41
2019-09-20,13.91842,152.19
2019-09-19,12.72069,150.72
2019-09-18,12.6096,155.87
2019-09-17,13.04426,155.92
2019-09-16,13.33273,165.56
2019-09-13,12.4052,193.25
2019-09-12,12.84785,193.11
2019-09-11,13.27337,196.03
2019-09-10,13.76687,200.79
2019-09-09,13.80651,202.15
2019-09-06,13.59311,202.6
2019-09-05,14.73598,201.44
2019-09-04,15.7174,200.59
2019-09-03,17.9216,196.4
2019-08-30,17.27339,197.74
2019-08-29,16.1766,198.33
2019-08-28,17.46548,197.27
2019-08-27,18.30224,196.9
2019-08-26,17.38974,197.66
2019-08-23,17.83823,197.27
2019-08-22,15.05143,191.45
2019-08-21,14.23039,191.59
2019-08-20,15.76719,188.62
2019-08-19,15.21543,190.48
2019-08-16,16.65014,188.1
2019-08-15,19.08108,182.85
2019-08-14,19.8313,182.49
2019-08-13,15.67084,170.18
2019-08-12,18.8102,162.2
2019-08-09,16.0289,157.31
2019-08-08,15.09148,157.19
2019-08-07,17.35994,151.1
2019-08-06,18.01215,150.56
2019-08-05,21.93382,137.37
2019-08-02,15.84488,98.84
2019-08-01,16.14565,99.04
2019-07-31,14.48598,94.1
2019-07-30,12.5,84.66
2019-07-29,11.51706,80.51
2019-07-26,10.93329,78.55
2019-07-25,11.44243,77.95
2019-07-24,10.82997,75.56
2019-07-23,11.3084,74.83
2019-07-22,12.06097,72.77
2019-07-19,12.86847,70.57
2019-07-18,12.05453,67.66
2019-07-17,12.44543,67.23
2019-07-16,11.46883,63.06
2019-07-15,11.2621,68.99
2019-07-12,10.99574,68.21
2019-07-11,11.48925,72.71
2019-07-10,11.57296,73.06
2019-07-09,12.57026,70.37
2019-07-08,12.44761,77.62
2019-07-05,11.83706,77.91
2019-07-03,11.14263,86.74
2019-07-02,11.43539,86.55
2019-07-01,12.44909,86.67
2019-06-28,13.27582,85.05
2019-06-27,13.9187,84.99
2019-06-26,14.24053,87.33
2019-06-25,14.3272,91.63
2019-06-24,13.39889,95.97
2019-06-21,13.57905,123.31
2019-06-20,13.06235,133.19
2019-06-19,12.77753,132.86
2019-06-18,13.52558,132.12
2019-06-17,13.67361,149.7
2019-06-14,13.6319,159.29
2019-06-13,14.0298,163.1
2019-06-12,14.08338,163.24
2019-06-11,14.11422,166.87
2019-06-10,14.08625,166.89
2019-06-07,14.3739,166.8
2019-06-06,14.10608,167.43
2019-06-05,14.32132,167.31
2019-06-04,15.09115,167.39
2019-06-03,16.81526,163.4
2019-05-31,16.76223,163.39
2019-05-30,15.5352,162.95
2019-05-29,16.07688,162.44
2019-05-28,15.67398,162.54
2019-05-24,14.14547,160.19
2019-05-23,15.13146,161.03
2019-05-22,13.2204,156.41
2019-05-21,13.39606,157.97
2019-05-20,14.60423,157.19
2019-05-17,14.29595,157.2
2019-05-16,13.67988,157.95
2019-05-15,14.67071,156.35
2019-05-14,16.11062,153.3
2019-05-13,18.29105,147.36
2019-05-10,14.27427,128.65
2019-05-09,17.02924,117.1
2019-05-08,17.33846,118.06
2019-05-07,17.28859,118.29
2019-05-06,13.78202,102.31
2019-05-03,11.49518,85.13
2019-05-02,12.90034,98.49
2019-05-01,13.16492,98.48
2019-04-30,11.69653,92.06
2019-04-29,11.72525,92.58
2019-04-26,11.40374,92.33
2019-04-25,11.89728,92.63
2019-04-24,11.77525,92.6
2019-04-23,10.9506,90.1
2019-04-22,11.03215,90.91
2019-04-18,10.76581,96.01
2019-04-17,11.15439,95.98
2019-04-16,10.79404,97.43
2019-04-15,10.89591,99.88
2019-04-12,10.62926,99.56
2019-04-11,11.56511,99.68
2019-04-10,11.79496,102.6
2019-04-09,12.67081,100.4
2019-04-08,11.69788,97.58
2019-04-05,11.43112,97.47
2019-04-04,12.10447,100.4
2019-04-03,12.21985,102.54
2019-04-02,11.93177,102.82
2019-04-01,11.95788,104.38
2019-03-29,12.21816,104.24
2019-03-28,12.84379,106.02
2019-03-27,13.46188,105.73
2019-03-26,13.01072,105.35
2019-03-25,14.42962,101.23
2019-03-22,14.58794,101.35
2019-03-21,12.00564,82.38
2019-03-20,12.24687,84.95
2019-03-19,11.94293,84.5
2019-03-18,11.56427,83.73
2019-03-15,11.37809,83.57
2019-03-14,11.94796,82.84
2019-03-13,11.86411,84.62
2019-03-12,12.19663,87.04
2019-03-11,12.74684,86.72
2019-03-08,14.27936,84.14
2019-03-07,14.77951,87.72
2019-03-06,13.91935,85.6
2019-03-05,13.04771,84.33
2019-03-04,12.91034,97.83
2019-03-01,11.94017,94.23
2019-02-28,12.98542,92.35
2019-02-27,12.9299,92.75
2019-02-26,13.3304,92.54
2019-02-25,13.08601,93.71
2019-02-22,11.90728,89.98
2019-02-21,12.7637,88.28
2019-02-20,12.33503,87.37
2019-02-19,13.11244,86.61
2019-02-15,13.22629,86.63
2019-02-14,14.35779,97.39
2019-02-13,13.87904,101.02
2019-02-12,13.63074,102.45
2019-02-11,14.16911,106
2019-02-08,13.87467,105.79
2019-02-07,14.42418,105.66
2019-02-06,13.51969,110.67
2019-02-05,13.64712,126.92
2019-02-04,13.76083,129.6
2019-02-01,14.07272,134.57
2019-01-31,14.47162,134.55
2019-01-30,15.46545,134.62
2019-01-29,16.73959,138.57
2019-01-28,16.50197,139.48
2019-01-25,15.27266,137.51
2019-01-24,16.71829,135.15
2019-01-23,17.13333,135.34
2019-01-22,18.29536,134.17
2019-01-18,15.67177,128.42
2019-01-17,15.86019,128.6
2019-01-16,16.70175,146.08
2019-01-15,16.33011,149.15
2019-01-14,16.61584,149.42
2019-01-11,15.84081,148.76
2019-01-10,16.94768,147.69
2019-01-09,17.3242,147.56
2019-01-08,17.87149,152.48
2019-01-07,18.65899,152.42
2019-01-04,18.74452,154.3
2019-01-03,22.32652,148.69
2019-01-02,20.48522,149.35
2018-12-31,22.197,150.9
2018-12-28,24.77056,148.17
2018-12-27,26.19797,147.43
2018-12-26,26.7788,147.49
2018-12-24,31.61262,143.96
2018-12-21,26.44476,136.05
2018-12-20,24.76656,135.35
2018-12-19,22.3895,147.98
2018-12-18,22.51761,147.96
2018-12-17,21.60162,147.67
2018-12-14,19.1399,143.47
2018-12-13,18.18262,146.14
2018-12-12,18.86262,148.28
2018-12-11,19.22431,148.96
2018-12-10,19.92958,148.84
2018-12-07,20.38613,148.7
2018-12-06,18.60894,146.26
2018-12-04,18.2844,159.27
2018-12-03,14.48075,143.1
2018-11-30,15.96995,140.23
2018-11-29,16.52159,139.94
2018-11-28,16.29937,146.85
2018-11-27,16.85423,146.47
2018-11-26,16.66814,157.45
2018-11-23,18.98544,152.47
2018-11-21,18.25202,159.15
2018-11-20,19.7609,159.51
2018-11-19,17.54233,189.56
2018-11-16,15.89555,187.5
2018-11-15,17.65798,184.98
2018-11-14,18.81697,183.71
2018-11-13,17.7498,191.91
2018-11-12,18.18586,192.14
2018-11-09,15.31945,186.25
2018-11-08,14.67568,186.11
2018-11-07,14.27076,186.25
2018-11-06,17.44655,174.98
2018-11-05,17.51645,175
2018-11-02,17.13959,175
2018-11-01,16.94856,175.13
2018-10-31,18.77764,171.34
2018-10-30,20.5745,167.92
2018-10-29,21.6895,169.68
2018-10-26,21.20042,171.7
2018-10-25,21.29792,174.06
2018-10-24,22.14518,173.53
2018-10-23,18.03693,166.23
2018-10-22,17.12442,166.02
2018-10-19,17.26563,167.7
2018-10-18,17.48605,168.68
2018-10-17,15.09368,163.35
2018-10-16,15.20801,163.84
2018-10-15,18.38743,152.28
2018-10-12,18.42947,152.18
2018-10-11,21.58099,143.63
2018-10-10,19.89774,144.65
2018-10-09,13.89373,100.38
2018-10-08,13.66725,100.47
2018-10-05,12.87241,99.24
2018-10-04,12.36092,99.71
2018-10-03,10.0825,78.53
2018-10-02,10.432,79.36
2018-10-01,10.37255,79.62
2018-09-28,10.43568,79.73
2018-09-27,10.63137,81.88
2018-09-26,10.96835,85.22
2018-09-25,10.54956,89.49
2018-09-24,10.36974,93.75
2018-09-21,9.9472,99.92
2018-09-20,10.03572,112.62
2018-09-19,10.05735,113.26
2018-09-18,10.97007,109.88
2018-09-17,11.69631,108.46
2018-09-14,10.3712,102.98
2018-09-13,10.59166,103.7
2018-09-12,11.29934,104.07
2018-09-11,11.40835,104.35
2018-09-10,12.20584,107.18
2018-09-07,12.87086,108.8
2018-09-06,12.60215,110.51
2018-09-05,11.96971,109.74
2018-09-04,11.36442,108.81
2018-08-31,11.09099,108.71
2018-08-30,11.60676,107.93
2018-08-29,10.46561,103.26
2018-08-28,10.66735,105.05
2018-08-27,10.40383,104.79
2018-08-24,10.31487,106.16
2018-08-23,10.73994,106.55
2018-08-22,10.56946,106.88
2018-08-21,11.12553,108.39
2018-08-20,10.89973,110.83
2018-08-17,11.07897,110.71
2018-08-16,11.83562,110.01
2018-08-15,12.9055,112.63
2018-08-14,11.73514,111.1
2018-08-13,12.97174,107.6
2018-08-10,11.54183,101.34
2018-08-09,9.75167,86.57
2018-08-08,9.35748,85.94
2018-08-07,9.4281,95.82
2018-08-06,9.74745,97.87
2018-08-03,10.03881,121.35
2018-08-02,10.50047,122.09
2018-08-01,11.27014,127.29
2018-07-31,10.96113,127.71
2018-07-30,12.17139,126.08
2018-07-27,11.17687,123.81
2018-07-26,10.40899,122.01
2018-07-25,10.52316,122.97
2018-07-24,10.62318,123.75
2018-07-23,10.78725,123.66
2018-07-20,10.983,123.56
2018-07-19,11.08814,123.52
2018-07-18,10.38359,122.5
2018-07-17,10.34838,124.28
2018-07-16,10.96019,123.38
2018-07-13,10.43344,123.55
2018-07-12,10.7687,129.57
2018-07-11,11.64957,128.12
2018-07-10,10.77303,131.88
2018-07-09,10.80276,155.25
2018-07-06,11.3826,155.48
2018-07-05,12.79706,151.06
2018-07-03,13.85408,149.51
2018-07-02,13.44828,149.35
2018-06-29,13.77922,149.35
2018-06-28,14.54718,148.17
2018-06-27,15.46232,146.63
2018-06-26,13.65586,144.77
2018-06-25,14.8221,147.25
2018-06-22,11.82177,131.36
2018-06-21,12.61308,130.66
2018-06-20,11.03633,124.5
2018-06-19,11.53846,126.69
2018-06-18,10.6075,123.83
2018-06-15,10.32314,123.44
2018-06-14,10.41774,124.99
2018-06-13,10.97447,124.25
2018-06-12,10.48072,123.85
2018-06-11,10.47676,123.89
2018-06-08,10.34571,124.39
2018-06-07,10.2727,124.99
2018-06-06,9.88367,126.3
2018-06-05,10.58472,125.16
2018-06-04,10.90193,129.05
2018-06-01,11.53879,128.28
2018-05-31,13.2208,123.15
2018-05-30,12.80864,123.03
2018-05-29,14.74104,115.07
2018-05-25,11.33694,86.31
2018-05-24,10.68019,84.98
2018-05-23,10.75857,86.35
2018-05-22,11.2186,88.86
2018-05-21,11.11206,88.58
2018-05-18,11.38832,89.77
2018-05-17,11.37654,89.95
2018-05-16,11.36037,98.92
2018-05-15,12.32934,97.34
2018-05-14,10.79659,87.49
2018-05-11,10.57869,91.14
2018-05-10,11.10738,106.64
2018-05-09,11.32012,112.35
2018-05-08,12.38215,110.59
2018-05-07,12.36068,113.3
2018-05-04,12.3464,123.32
2018-05-03,13.26326,124.12
2018-05-02,13.34503,149.48
2018-05-01,12.89007,149.1
2018-04-30,13.1642,149.34
2018-04-27,12.72397,159.08
2018-04-26,13.39271,158.91
2018-04-25,14.64095,156.9
2018-04-24,14.72102,157.65
2018-04-23,13.37371,155.29
2018-04-20,13.72693,156.53
2018-04-19,12.92831,160.03
2018-04-18,12.5908,160.88
2018-04-17,12.34318,160.93
2018-04-16,13.37317,159.42
2018-04-13,14.1063,159.24
2018-04-12,14.99108,163.97
2018-04-11,16.35556,166.55
2018-04-10,16.58833,167.73
2018-04-09,17.67332,173.39
2018-04-06,17.5057,174.14
2018-04-05,15.47891,174.88
2018-04-04,16.3169,175.37
2018-04-03,17.20062,174.82
2018-04-02,19.21262,172.29
2018-03-29,16.24766,165.03
2018-03-28,18.52422,159.87
2018-03-27,18.1247,179.15
2018-03-26,16.89971,177.84
2018-03-23,20.1181,174.53
2018-03-22,18.97098,177.69
2018-03-21,14.54397,167.79
2018-03-20,14.8426,168.54
2018-03-19,15.4033,178.73
2018-03-16,12.85703,292.55
2018-03-15,13.44953,301.89
2018-03-14,13.92323,301.67
2018-03-13,13.19506,302.7
2018-03-12,12.79909,303.14
2018-03-09,11.88505,309.83
2018-03-08,13.42641,307.55
2018-03-07,14.32143,306.64
2018-03-06,14.81481,306.28
2018-03-05,15.18567,306.04
2018-03-02,15.91131,305.65
2018-03-01,18.39993,303.04
2018-02-28,16.2585,301.38
2018-02-27,15.17799,300.97
2018-02-26,12.83718,299.38
2018-02-23,13.39997,298.84
2018-02-22,15.1751,295.69
2018-02-21,16.24077,294.84
2018-02-20,16.68827,294.65
2018-02-16,15.64183,294.43
2018-02-15,15.33836,294.5
2018-02-14,15.50974,294.37
2018-02-13,20.21371,281.91
2018-02-12,20.86354,285.17
2018-02-09,23.79237,281.12
2018-02-08,27.31429,276.81
2018-02-07,22.59984,272.89
2018-02-06,24.19498,271.08
2018-02-05,30.02655,259.55
2018-02-02,13.88243,129.26
2018-02-01,10.79413,107.96
2018-01-31,10.90616,108.43
2018-01-30,11.92165,103.96
2018-01-29,11.18655,108.67
2018-01-26,8.90747,85.01
2018-01-25,9.26993,84.27
2018-01-24,9.25597,86.34
2018-01-23,9.03909,86.73
2018-01-22,9.00849,88.5
2018-01-19,9.21279,91.7
2018-01-18,9.99264,88.64
2018-01-17,9.72086,88.66
2018-01-16,9.52303,88.82
2018-01-12,8.37248,79.45
2018-01-11,8.20734,80.77
2018-01-10,8.2107,83.41
2018-01-09,8.45567,83.13
2018-01-08,7.9479,81.26
2018-01-05,7.65336,80.9
2018-01-04,7.63561,80.99
2018-01-03,7.60788,85.05
2018-01-02,8.11125,85.18
2017-12-29,9.18316,77.4
2017-12-28,8.51669,79.64
2017-12-27,8.79906,88.58
2017-12-26,8.63449,88.3
2017-12-22,8.35232,87.82
2017-12-21,8.10583,90.16
2017-12-20,8.18388,92.58
2017-12-19,8.47916,92.04
2017-12-18,8.08312,92.32
2017-12-15,8.0068,92.65
2017-12-14,8.89888,90.07
2017-12-13,8.65425,90.14
2017-12-12,8.46128,89.87
2017-12-11,7.92062,87.85
2017-12-08,8.14903,89.95
2017-12-07,8.61236,97.21
2017-12-06,9.34453,94.35
2017-12-05,9.59682,94
2017-12-04,9.86153,93.62
2017-12-01,9.6002,98.67
2017-11-30,9.48617,98.67
2017-11-29,9.02877,97.68
2017-11-28,8.44987,95.96
2017-11-27,8.29272,96.79
2017-11-24,8.10698,97.04
2017-11-22,8.37643,96.96
2017-11-21,8.28579,96.92
2017-11-20,9.06614,93.26
2017-11-17,9.6848,91.39
2017-11-16,9.98896,92.61
2017-11-15,11.129,86.2
2017-11-14,9.83704,80.4
2017-11-13,9.86024,80.37
2017-11-10,9.68351,80.3
2017-11-09,9.02062,77.78
2017-11-08,8.4354,75.3
2017-11-07,8.53838,76.02
2017-11-06,8.09507,74.65
2017-11-03,7.87727,74.1
2017-11-02,8.51922,73.52
2017-11-01,8.77193,72.97
2017-10-31,8.7397,73.01
2017-10-30,9.02837,73.52
2017-10-27,8.45557,70.84
2017-10-26,9.673,57.32
2017-10-25,9.50648,58.14
2017-10-24,9.48657,58.2
2017-10-23,9.42529,58.2
2017-10-20,8.46062,48.2
2017-10-19,8.49176,59.27
2017-10-18,8.54331,61.21
2017-10-17,8.77746,60.85
2017-10-16,8.39048,60.6
2017-10-13,8.12548,82.85
2017-10-12,8.37347,83.33
2017-10-11,8.31504,84.8
2017-10-10,8.54093,84.96
2017-10-09,8.79149,85.21
2017-10-06,8.23098,82.53
2017-10-05,7.84866,84.47
2017-10-04,8.18669,83.89
2017-10-03,8.09155,87.2
2017-10-02,8.04735,96.51
2017-09-29,8.05727,98.89
2017-09-28,8.10421,101.24
2017-09-27,8.39857,134.03
2017-09-26,8.63181,133.96
2017-09-25,8.61967,134
2017-09-22,8.02846,147.04
2017-09-21,8.10358,147.17
2017-09-20,8.14728,186.82
2017-09-19,8.50175,186.54
2017-09-18,8.50511,189.17
2017-09-15,8.51402,189.21
2017-09-14,8.78492,189.2
2017-09-13,8.83764,189.24
2017-09-12,8.84394,189.28
2017-09-11,8.96408,189.3
2017-09-08,10.07816,185.77
2017-09-07,9.63383,185.36
2017-09-06,9.75099,185.77
2017-09-05,10.27472,184.93
2017-09-01,8.54276,176.66
2017-08-31,8.91339,176.14
2017-08-30,9.4254,175.43
2017-08-29,9.73702,175.41
2017-08-28,9.45145,175.26
2017-08-25,9.48936,175.25
2017-08-24,10.36089,173.1
2017-08-23,10.38048,173.83
2017-08-22,9.64808,173.01
2017-08-21,11.15528,167.87
2017-08-18,12.1372,165.83
2017-08-17,13.24419,163.28
2017-08-16,10.03247,144.72
2017-08-15,10.25816,148.99
2017-08-14,10.45535,148.91
2017-08-11,13.12072,130.88
2017-08-10,13.64294,130.37
2017-08-09,9.46015,79.61
2017-08-08,9.32607,85.58
2017-08-07,8.42311,85.35
2017-08-04,8.53327,85.33
2017-08-03,8.79602,86.07
2017-08-02,8.66195,86.18
2017-08-01,8.54723,86.05
2017-07-31,8.68682,87.45
2017-07-28,8.76416,87.43
2017-07-27,8.6677,88.62
2017-07-26,8.25664,87.97
2017-07-25,8.09234,87.84
2017-07-24,8.10277,91.93
2017-07-21,8.02332,94.63
2017-07-20,8.23378,96.04
2017-07-19,8.49753,95.75
2017-07-18,8.55388,95.74
2017-07-17,8.55997,96.43
2017-07-14,8.29915,96.52
2017-07-13,8.69107,95.7
2017-07-12,9.01847,96.19
2017-07-11,9.51923,94.77
2017-07-10,9.74903,95.88
2017-07-07,9.80891,96
2017-07-06,10.98074,89.08
2017-07-05,9.76363,84.8
2017-07-03,9.87937,84.87
2017-06-30,9.79585,90.04
2017-06-29,10.00875,108.01
2017-06-28,8.81526,100.33
2017-06-27,9.77723,151.15
2017-06-26,8.84877,148.05
2017-06-23,8.94883,148.03
2017-06-22,9.39405,147.49
2017-06-21,9.64385,147.73
2017-06-20,9.7618,147.88
2017-06-19,9.29295,147.31
2017-06-16,9.27697,149
2017-06-15,9.77754,148.17
2017-06-14,9.43848,147.98
2017-06-13,9.30191,147.93
2017-06-12,10.23397,145.63
2017-06-09,9.55528,145.7
2017-06-08,9.06172,145.33
2017-06-07,9.22326,145.88
2017-06-06,9.2724,145.97
2017-06-05,8.94872,145.57
2017-06-02,8.65129,172.01
2017-06-01,8.82248,172.76
2017-05-31,9.26404,172.93
2017-05-30,9.28859,173.52
2017-05-26,8.77695,172.19
2017-05-25,8.90533,173.55
2017-05-24,8.96404,173.72
2017-05-23,9.57827,174.05
2017-05-22,9.72939,175.8
2017-05-19,10.75865,175.89
2017-05-18,13.17634,165.2
2017-05-17,13.99713,164.56
2017-05-16,9.61538,121.46
2017-05-15,9.49517,122.04
2017-05-12,9.52468,122.08
2017-05-11,9.7543,124.08
2017-05-10,9.39455,123.57
2017-05-09,9.14097,123.18
2017-05-08,8.93707,124.74
2017-05-05,9.61783,123.57
2017-05-04,9.53162,123.47
2017-05-03,9.78291,123.78
2017-05-02,9.71025,124.12
2017-05-01,9.27183,126.33
2017-04-28,9.92569,124.81
2017-04-27,9.52556,124.11
2017-04-26,9.97701,124.06
2017-04-25,9.82738,124.94
2017-04-24,9.99816,127.71
2017-04-21,13.68185,84.19
2017-04-20,13.16769,86.13
2017-04-19,13.94024,84.36
2017-04-18,13.46657,84.49
2017-04-17,13.76009,84.07
2017-04-13,15.02542,78.59
2017-04-12,14.87455,83.36
2017-04-11,14.20358,84.7
2017-04-10,13.25472,82.9
2017-04-07,12.14265,81.08
2017-04-06,11.6338,81.41
2017-04-05,12.1067,80.69
2017-04-04,11.059,76
2017-04-03,11.61242,74.59
2017-03-31,11.56399,74.67
2017-03-30,10.78102,71.88
2017-03-29,10.62227,72.04
2017-03-28,10.6434,79.07
2017-03-27,11.50589,75.72
2017-03-24,11.99556,74.64
2017-03-23,12.16956,74.41
2017-03-22,11.84904,75.79
2017-03-21,11.53668,75.52
2017-03-20,10.57047,70.84
2017-03-17,10.49693,71.85
2017-03-16,10.46197,76.17
2017-03-15,10.94382,75.02
2017-03-14,11.58083,73.07
2017-03-13,10.64828,68.44
2017-03-10,10.92886,76.31
2017-03-09,11.62571,73.65
2017-03-08,11.25558,73.33
2017-03-07,10.82742,72.9
2017-03-06,10.62583,75.29
2017-03-03,10.37682,75.07
2017-03-02,11.2412,77.95
2017-03-01,11.8705,76.75
2017-02-28,12.17949,77.78
2017-02-27,11.40136,76.7
2017-02-24,10.85249,75.75
2017-02-23,11.08167,75.61
2017-02-22,11.13113,75.87
2017-02-21,10.97307,75.77
2017-02-17,10.82533,75.87
2017-02-16,11.03914,76.05
2017-02-15,11.30952,76.15
2017-02-14,10.16564,72.8
2017-02-13,10.44734,75.59
2017-02-10,10.20312,76.49
2017-02-09,10.20925,77.04
2017-02-08,10.70394,80.58
2017-02-07,10.5593,81.77
2017-02-06,10.59152,81.77
2017-02-03,10.17248,80.88
2017-02-02,11.05858,77.05
2017-02-01,10.98298,77.21
2017-01-31,11.11832,78.08
2017-01-30,11.11007,79.42
2017-01-27,9.90359,70.42
2017-01-26,9.94666,71.48
2017-01-25,10.06705,71.59
2017-01-24,10.29097,74.3
2017-01-23,10.97231,74.48
2017-01-20,10.8103,75.77
2017-01-19,12.02032,69.13
2017-01-18,11.68211,69.12
2017-01-17,11.09449,82.48
2017-01-13,10.55749,80.68
2017-01-12,10.8367,82.38
2017-01-11,10.66389,83.04
2017-01-10,10.87965,83.1
2017-01-09,10.93558,85.62
2017-01-06,10.72986,85.4
2017-01-05,11.01151,85.17
2017-01-04,11.31589,84.81
2017-01-03,12.32377,81.48
2016-12-30,13.31184,78.62
2016-12-29,12.76738,77.94
2016-12-28,12.47111,78.12
2016-12-27,11.4671,77.03
2016-12-23,10.94946,76.26
2016-12-22,10.94618,76.77
2016-12-21,10.80848,77.32
2016-12-20,11.01173,107.74
2016-12-19,11.21218,107.87
2016-12-16,11.67911,118.37
2016-12-15,12.28272,118.49
2016-12-14,12.37916,126.61
2016-12-13,11.97289,126.7
2016-12-12,11.87747,129.28
2016-12-09,11.14801,128.66
2016-12-08,11.91441,128.54
2016-12-07,11.37379,130.05
2016-12-06,11.00635,130.78
2016-12-05,11.27519,131.06
2016-12-02,13.22717,121.9
2016-12-01,13.24235,122.15
2016-11-30,12.57666,121.92
2016-11-29,12.13889,122.44
2016-11-28,12.42324,123.37
2016-11-25,11.6492,121.5
2016-11-23,11.77418,121.69
2016-11-22,11.68,122.74
2016-11-21,11.71035,123.51
2016-11-18,12.13867,131.04
2016-11-17,12.55171,130.64
2016-11-16,12.82723,131.16
2016-11-15,12.45691,130.96
2016-11-14,13.47102,129.57
2016-11-11,13.04788,129.28
2016-11-10,13.53411,128.82
2016-11-09,13.14563,129.75
2016-11-08,17.00082,107.23
2016-11-07,16.94286,109.2
2016-11-04,20.25191,98.29
2016-11-03,19.86862,107.81
2016-11-02,17.40541,102.1
2016-11-01,16.78726,108.42
2016-10-31,15.56143,120.65
2016-10-28,14.7989,119.98
2016-10-27,14.10209,119.15
2016-10-26,13.04985,117.7
2016-10-25,12.35883,120.12
2016-10-24,11.96911,119.68
2016-10-21,12.26779,130.29
2016-10-20,12.56281,136.98
2016-10-19,13.13822,171.08
2016-10-18,13.90355,170.36
2016-10-17,14.73502,169.15
2016-10-14,14.66121,169.2
2016-10-13,15.11775,172.95
2016-10-12,14.4243,172.53
2016-10-11,13.87659,172.31
2016-10-10,12.00646,166.89
2016-10-07,12.0702,167.54
2016-10-06,11.50435,166.89
2016-10-05,11.592,166.93
2016-10-04,12.17617,168.27
2016-10-03,12.09663,168.27
2016-09-30,11.83648,169.7
2016-09-29,12.4922,168.75
2016-09-28,11.05362,166.37
2016-09-27,11.67662,165.89
2016-09-26,12.88545,163.81
2016-09-23,10.94195,156.55
2016-09-22,10.70538,156.48
2016-09-21,11.91863,153.2
2016-09-20,14.25884,142.43
2016-09-19,13.8946,142.36
2016-09-16,13.7687,142.36
2016-09-15,14.4992,143.86
2016-09-14,16.11871,140.02
2016-09-13,15.88785,140.69
2016-09-12,13.49235,133.73
2016-09-09,15.6041,125.55
2016-09-08,11.12494,78.37
2016-09-07,10.63034,77.13
2016-09-06,10.693,77.25
2016-09-02,10.73188,77.42
2016-09-01,12.03786,71.95
2016-08-31,12.02725,73.99
2016-08-30,11.76576,77.37
2016-08-29,11.57838,77.47
2016-08-26,12.14953,76.7
2016-08-25,12.08548,76.97
2016-08-24,11.9354,76.95
2016-08-23,10.93833,72.32
2016-08-22,10.83922,73.08
2016-08-19,10.01767,68.41
2016-08-18,10.08826,69.1
2016-08-17,10.81345,73.62
2016-08-16,11.21661,73.07
2016-08-15,10.56162,70.74
2016-08-12,10.34205,73.03
2016-08-11,10.46783,74.78
2016-08-10,10.79072,76.06
2016-08-09,10.50167,82.11
2016-08-08,10.38187,105.74
2016-08-05,10.27237,105.8
2016-08-04,11.15101,168.98
2016-08-03,11.50886,179.08
2016-08-02,11.91304,184.41
2016-08-01,11.13598,182.95
2016-07-29,10.63906,182.52
2016-07-28,11.48429,181.61
2016-07-27,11.67319,181.73
2016-07-26,11.87659,181.74
2016-07-25,11.71384,181.52
2016-07-22,10.96015,192.07
2016-07-21,11.5734,197.82
2016-07-20,10.69417,196.78
2016-07-19,10.86799,196.75
2016-07-18,11.23656,196.83
2016-07-15,11.45363,196.78
2016-07-14,11.53604,196.93
2016-07-13,11.73823,197.19
2016-07-12,12.21601,196.86
2016-07-11,12.25007,198.3
2016-07-08,11.9403,198.25
2016-07-07,13.34056,195.61
2016-07-06,13.49085,195.94
2016-07-05,14.04869,197.37
2016-07-01,13.2621,196.96
2016-06-30,14.11542,197.27
2016-06-29,14.99369,196.6
2016-06-28,16.96372,192.83
2016-06-27,21.60718,177.11
2016-06-24,23.07003,175.81
2016-06-23,15.19422,125.76
2016-06-22,18.72954,106.89
2016-06-21,16.41354,102.01
2016-06-20,16.23509,104.57
2016-06-17,17.2273,102.59
2016-06-16,17.28384,105.94
2016-06-15,17.92134,105.12
2016-06-14,18.28235,104.94
2016-06-13,18.58384,105.65
2016-06-10,15.1002,90.01
2016-06-09,12.934,77.11
2016-06-08,12.35196,81.62
2016-06-07,12.37995,81.77
2016-06-06,11.99684,81.25
2016-06-03,11.89299,83.22
2016-06-02,12.21764,84.04
2016-06-01,12.70807,84.55
2016-05-31,12.73903,84.54
2016-05-27,11.78055,81.36
2016-05-26,12.01682,81.43
2016-05-25,12.45631,80.74
2016-05-24,12.9339,79.9
2016-05-23,14.1124,77.66
2016-05-20,13.55569,81.25
2016-05-19,14.56995,80
2016-05-18,14.13882,81.25
2016-05-17,13.73985,91.23
2016-05-16,12.95904,93.91
2016-05-13,13.31681,97.25
2016-05-12,12.65589,98.61
2016-05-11,12.8499,100.51
2016-05-10,11.97505,98.47
2016-05-09,12.7908,96.64
2016-05-06,12.88403,101.68
2016-05-05,13.94147,99.3
2016-05-04,13.96016,99.41
2016-05-03,13.53344,100.38
2016-05-02,12.73863,99.14
2016-04-29,13.72378,96.47
2016-04-28,13.42507,96.67
2016-04-27,12.16001,93.4
2016-04-26,12.35945,99.03
2016-04-25,12.49778,99.02
2016-04-22,11.77938,97.64
2016-04-21,12.34732,99.79
2016-04-20,11.7242,98.16
2016-04-19,11.63854,97.99
2016-04-18,11.78808,101.35
2016-04-15,12.05523,101.85
2016-04-14,12.17932,101.92
2016-04-13,12.26189,102.17
2016-04-12,13.0538,101.14
2016-04-11,14.24566,107
2016-04-08,13.46542,106.23
2016-04-07,14.20534,106.67
2016-04-06,12.34341,98.67
2016-04-05,13.53106,95.71
2016-04-04,12.3914,94.96
2016-04-01,11.4993,91.61
2016-03-31,12.25727,91.18
2016-03-30,11.97986,90.44
2016-03-29,12.26809,92.23
2016-03-28,13.61565,88.76
2016-03-24,13.17719,90.28
2016-03-23,13.35837,93.46
2016-03-22,12.62811,90.67
2016-03-21,12.25887,89.75
2016-03-18,12.43459,97.36
2016-03-17,12.75844,101.08
2016-03-16,13.52522,100.22
2016-03-15,15.15615,95.37
2016-03-14,15.26387,100.29
2016-03-11,14.79025,99.62
2016-03-10,16.12471,100.28
2016-03-09,16.62889,100.42
2016-03-08,16.94346,100.84
2016-03-07,15.74267,99.45
2016-03-04,15.33006,102.31
2016-03-03,15.25671,113.42
2016-03-02,15.7468,113.36
2016-03-01,16.30134,115.34
2016-02-29,18.89655,107.8
2016-02-26,18.13272,112.88
2016-02-25,17.30821,112.44
2016-02-24,18.79536,116.08
2016-02-23,19.03639,118
2016-02-22,17.57345,118.56
2016-02-19,18.4473,120.78
2016-02-18,19.46919,132.7
2016-02-17,20.01795,133.63
2016-02-16,21.64856,132.76
2016-02-12,22.58581,137.31
2016-02-11,24.83672,133.96
2016-02-10,23.41259,134.5
2016-02-09,23.46388,135.7
2016-02-08,23.28706,136.68
2016-02-05,20.98932,134
2016-02-04,19.50522,134.2
2016-02-03,19.56443,140
2016-02-02,20.14665,143.74
2016-02-01,18.34542,143.37
2016-01-29,18.62953,144.64
2016-01-28,20.48424,149.98
2016-01-27,21.25644,151.25
2016-01-26,20.7488,152.64
2016-01-25,22.29711,165.75
2016-01-22,20.66032,164.45
2016-01-21,24.61269,156.81
2016-01-20,25.25863,158.41
2016-01-19,23.83785,158.7
2016-01-15,24.67355,170.94
2016-01-14,22.05138,170.31
2016-01-13,23.24424,170.32
2016-01-12,20.73069,171.15
2016-01-11,22.33251,169.91
2016-01-08,24.80713,165.88
2016-01-07,23.00681,166.01
2016-01-06,19.14458,157.54
2016-01-05,17.99739,156.7
2016-01-04,19.13478,157.91
2015-12-31,16.7587,152.99
2015-12-30,15.84639,155.66
2015-12-29,14.70911,154.42
2015-12-28,15.40774,156.44
2015-12-24,14.3718,157.71
2015-12-23,14.30803,162.85
2015-12-22,15.1308,162.57
2015-12-21,17.1371,159.53
2015-12-18,19.10123,160.66
2015-12-17,17.50624,159.6
2015-12-16,16.34633,158.88
2015-12-15,19.17796,151.67
2015-12-14,20.6355,149.4
2015-12-11,22.18483,148.92
2015-12-10,17.66694,133.86
2015-12-09,17.82241,133.85
2015-12-08,16.1631,133.53
2015-12-07,14.59773,130.13
2015-12-04,13.62591,129.43
2015-12-03,16.61163,113.71
2015-12-02,15.0307,116.93
2015-12-01,13.81876,115.5
2015-11-30,15.27462,112.04
2015-11-27,14.26415,110.3
2015-11-25,14.29916,112.01
2015-11-24,14.96196,116.29
2015-11-23,14.7081,116.26
2015-11-20,14.52582,119.27
2015-11-19,15.84001,117.46
2015-11-18,15.83647,117.81
2015-11-17,17.69513,114.16
2015-11-16,16.98148,114.62
2015-11-13,18.72087,110.72
2015-11-12,17.0424,108.69
2015-11-11,14.96878,102.76
2015-11-10,14.28305,103.49
2015-11-09,15.35744,104.13
2015-11-06,13.34637,92.34
2015-11-05,13.85182,105.71
2015-11-04,14.28703,105.89
2015-11-03,13.26763,104.38
2015-11-02,12.83913,103.37
2015-10-30,13.67762,109.46
2015-10-29,13.32178,111.29
2015-10-28,12.95075,112.08
2015-10-27,13.97898,110.32
2015-10-26,13.8321,110.97
2015-10-23,13.12636,110.35
2015-10-22,12.97477,111.68
2015-10-21,14.71884,107.14
2015-10-20,13.87421,106.66
2015-10-19,13.23088,107.06
2015-10-16,13.22379,110.64
2015-10-15,14.07771,113.93
2015-10-14,15.7536,110.02
2015-10-13,15.51361,120.6
2015-10-12,14.21039,121.08
2015-10-09,15.00879,124.59
2015-10-08,15.44052,124.63
2015-10-07,16.36574,129.34
2015-10-06,17.22454,136.84
2015-10-05,17.4667,139.61
2015-10-02,18.62658,180.1
2015-10-01,20.14112,210.98
2015-09-30,21.91021,218.05
2015-09-29,23.82559,217.13
2015-09-28,24.58623,216.78
2015-09-25,21.11568,213.19
2015-09-24,20.85295,214.24
2015-09-23,19.8049,214.11
2015-09-22,20.1726,214.16
2015-09-21,17.96129,214.11
2015-09-18,19.6006,214.54
2015-09-17,18.70134,214.78
2015-09-16,18.87877,215.89
2015-09-15,19.97696,215.2
2015-09-14,21.42415,213.5
2015-09-11,20.44954,213.43
2015-09-10,21.63722,212.3
2015-09-09,23.50358,210.2
2015-09-08,22.26395,211.94
2015-09-04,24.94616,213.85
2015-09-03,23.03679,215.02
2015-09-02,23.22207,215.65
2015-09-01,27.85911,205.94
2015-08-31,25.37487,205.28
2015-08-28,23.2922,204.85
2015-08-27,23.22891,204.74
2015-08-26,26.63153,198.86
2015-08-25,31.53287,192.38
2015-08-24,35.33698,187.35
2015-08-21,24.66995,159.54
2015-08-20,17.09845,132.01
2015-08-19,13.79092,126.62
2015-08-18,12.50113,122.55
2015-08-17,11.75196,135.14
2015-08-14,11.51809,135.26
2015-08-13,12.1106,134.86
2015-08-12,12.17897,135.64
2015-08-11,12.44215,139.68
2015-08-10,11.09297,134.33
2015-08-07,12.21827,159.95
2015-08-06,12.60412,159.68
2015-08-05,11.50556,158.07
2015-08-04,11.85915,160.07
2015-08-03,11.45881,160.14
2015-07-31,11.01518,162.08
2015-07-30,11.11518,163.18
2015-07-29,11.32759,166
2015-07-28,12.1651,164.82
2015-07-27,14.03761,159.35
2015-07-24,12.51594,159.03
2015-07-23,11.49823,158.24
2015-07-22,11.11621,158.03
2015-07-21,11.14964,160.4
2015-07-20,11.2997,161.18
2015-07-17,11.00672,162.27
2015-07-16,11.13461,162.33
2015-07-15,12.0855,162.1
2015-07-14,12.14351,162.74
2015-07-13,12.61229,162.36
2015-07-10,15.12265,152.37
2015-07-09,18.1496,140.83
2015-07-08,17.79186,140.89
2015-07-07,14.70884,131.12
2015-07-06,15.35892,138.27
2015-07-02,15.13158,138.26
2015-07-01,14.52691,139.78
2015-06-30,16.34538,134.25
2015-06-29,16.80935,133.74
2015-06-26,12.56723,102.95
2015-06-25,12.50223,103.59
2015-06-24,11.85516,105.2
2015-06-23,10.83863,101.5
2015-06-22,11.21084,101.1
2015-06-19,12.30823,100.09
2015-06-18,11.59662,109.4
2015-06-17,12.87173,104.99
2015-06-16,13.17381,105.71
2015-06-15,13.6412,109.42
2015-06-12,12.22281,104.62
2015-06-11,11.43238,110.14
2015-06-10,11.69498,112.61
2015-06-09,12.8394,110.26
2015-06-08,13.61168,110.42
2015-06-05,12.77189,110.26
2015-06-04,13.03154,110.22
2015-06-03,12.13683,108.6
2015-06-02,12.74273,108.23
2015-06-01,12.79421,108.23
2015-05-29,12.61278,108.86
2015-05-28,12.17749,111.96
2015-05-27,12.19445,112.33
2015-05-26,12.90974,112.42
2015-05-22,10.9913,100.98
2015-05-21,10.87855,106.13
2015-05-20,11.60569,104.83
2015-05-19,11.52777,105.83
2015-05-18,11.21487,106.34
2015-05-15,10.82925,105.8
2015-05-14,11.19606,105.49
2015-05-13,12.10096,103.68
2015-05-12,12.33425,103.65
2015-05-11,12.41262,105.51
2015-05-08,11.46065,102.63
2015-05-07,13.4286,92.36
2015-05-06,13.37985,92.94
2015-05-05,12.77565,99.02
2015-05-04,11.51537,93.9
2015-05-01,11.36262,94.06
2015-04-30,12.97485,90
2015-04-29,12.01543,86.81
2015-04-28,11.3137,91.25
2015-04-27,12.02897,89.85
2015-04-24,11.32406,87.7
2015-04-23,11.52993,89.37
2015-04-22,11.8475,93.14
2015-04-21,12.321,93.4
2015-04-20,12.37324,100.5
2015-04-17,12.88617,99.88
2015-04-16,11.74278,99.99
2015-04-15,12.09153,99.67
2015-04-14,12.82484,98.76
2015-04-13,13.17331,99.83
2015-04-10,11.87689,95.17
2015-04-09,12.27034,95.51
2015-04-08,12.92171,94.33
2015-04-07,13.62086,92.81
2015-04-06,13.40731,94.8
2015-04-02,13.48346,94.99
2015-04-01,14.0167,96.61
2015-03-31,14.25242,96.55
2015-03-30,13.41035,94.89
2015-03-27,13.82315,96.89
2015-03-26,14.53943,96.62
2015-03-25,14.07603,101.69
2015-03-24,12.47253,94.27
2015-03-23,12.26674,95.96
2015-03-20,12.00332,98.47
2015-03-19,13.2299,95.37
2015-03-18,13.11368,98.49
2015-03-17,14.78056,94.06
2015-03-16,14.74032,101.29
2015-03-13,15.24971,103.44
2015-03-12,14.53483,108.33
2015-03-11,16.01785,107.18
2015-03-10,15.57048,119.08
2015-03-09,13.8674,117.56
2015-03-06,14.00147,119.57
2015-03-05,12.74394,116.21
2015-03-04,12.85108,121.49
2015-03-03,12.3739,121.44
2015-03-02,11.66577,120.01
2015-02-27,11.91603,120.81
2015-02-26,12.42519,122.54
2015-02-25,12.17988,123.33
2015-02-24,12.07657,124.66
2015-02-23,12.84857,128.76
2015-02-20,12.55157,128.91
2015-02-19,13.44412,132.62
2015-02-18,13.62074,134.51
2015-02-17,13.8378,136
2015-02-13,12.87693,139.32
2015-02-12,13.47032,140.14
2015-02-11,15.01682,148.3
2015-02-10,15.23161,148.98
2015-02-09,16.37391,147.17
2015-02-06,15.27115,146.04
2015-02-05,14.71487,146.23
2015-02-04,16.05782,143.65
2015-02-03,15.10766,145.05
2015-02-02,17.14462,139.48
2015-01-30,18.57725,143.58
2015-01-29,16.59443,150.5
2015-01-28,18.00247,154.34
2015-01-27,15.1678,145.5
2015-01-26,13.75887,142.87
2015-01-23,14.80231,143.71
2015-01-22,14.40745,157.51
2015-01-21,16.2851,152.62
2015-01-20,17.22376,159.31
2015-01-16,18.14167,158.84
2015-01-15,19.30006,157.15
2015-01-14,18.22192,157.33
2015-01-13,17.44591,160.95
2015-01-12,16.57365,161.29
2015-01-09,14.83516,160.97
2015-01-08,14.39452,161.2
2015-01-07,16.32291,156.07
2015-01-06,17.71515,153.66
2015-01-05,16.7072,154.08
2015-01-02,14.81266,151
2014-12-31,15.86777,149.03
2014-12-30,13.09534,138.39
2014-12-29,12.37266,138.33
2014-12-26,11.90965,138.56
2014-12-24,11.78835,139.45
2014-12-23,12.15506,139.04
2014-12-22,12.44695,138.78
2014-12-19,13.47222,136.84
2014-12-18,13.68447,137.56
2014-12-17,15.661,130.85
2014-12-16,18.84243,117.42
2014-12-15,16.41743,111.18
2014-12-12,16.92357,111.06
2014-12-11,16.21054,111.39
2014-12-10,14.90988,109.85
2014-12-09,12.01388,90.21
2014-12-08,11.53877,95.51
2014-12-05,9.61523,76.25
2014-12-04,10.00404,75.88
2014-12-03,10.13409,78.49
2014-12-02,10.37462,86.49
2014-12-01,11.43749,91.3
2014-11-28,10.71974,100.61
2014-11-26,9.65214,99.09
2014-11-25,9.83146,99.23
2014-11-24,10.15531,109.68
2014-11-21,10.4133,111.03
2014-11-20,10.83021,121.68
2014-11-19,11.12351,128.91
2014-11-18,11.05969,145.53
2014-11-17,11.23875,150.55
2014-11-14,10.63609,152.97
2014-11-13,11.06298,153.58
2014-11-12,10.46708,154.83
2014-11-11,10.36585,155.03
2014-11-10,10.19554,155.19
2014-11-07,10.55256,155.29
2014-11-06,11.02597,156.58
2014-11-05,11.34326,156.99
2014-11-04,11.86927,164.42
2014-11-03,11.79816,168.16
2014-10-31,11.19623,169.4
2014-10-30,11.51558,172.92
2014-10-29,11.89728,172.49
2014-10-28,11.29602,172.75
2014-10-27,12.62495,169.01
2014-10-24,12.72512,172.43
2014-10-23,13.07546,172.95
2014-10-22,14.11087,171.11
2014-10-21,12.6286,168.43
2014-10-20,14.51348,163.1
2014-10-17,17.2187,153.66
2014-10-16,19.64912,146.45
2014-10-15,20.52224,146.51
2014-10-14,18.00158,142.89
2014-10-13,19.45366,139.6
2014-10-10,16.80513,134.46
2014-10-09,14.78796,130.47
2014-10-08,11.91828,115
2014-10-07,13.59469,106.3
2014-10-06,12.27471,102.93
2014-10-03,11.62791,102.14
2014-10-02,12.7485,97.69
2014-10-01,13.25244,96.5
2014-09-30,12.91472,97.46
2014-09-29,12.58565,97.49
2014-09-26,11.70305,97.97
2014-09-25,12.27533,97.6
2014-09-24,10.37773,85.28
2014-09-23,11.62139,82.8
2014-09-22,10.66864,78.78
2014-09-19,9.43661,74.78
2014-09-18,9.30898,76.07
2014-09-17,9.76759,75.61
2014-09-16,9.81874,75.9
2014-09-15,10.91865,78.1
2014-09-12,10.25898,83
2014-09-11,9.89181,81.94
2014-09-10,9.98295,110.64
2014-09-09,10.45215,109.73
2014-09-08,9.78816,109.34
2014-09-05,9.33519,108.46
2014-09-04,9.76288,109.68
2014-09-03,9.40568,109.43
2014-09-02,9.33333,111.06
2014-08-29,9.11373,111.53
2014-08-28,9.14611,113.03
2014-08-27,8.92898,125.89
2014-08-26,8.81729,152.21
2014-08-25,8.86498,154.24
2014-08-22,8.66314,154.15
2014-08-21,8.85609,154.16
2014-08-20,8.86381,154.66
2014-08-19,9.16804,156.19
2014-08-18,9.22018,156.47
2014-08-15,9.8237,155.94
2014-08-14,9.29015,157.44
2014-08-13,9.64775,157.61
2014-08-12,10.57635,155.02
2014-08-11,10.63051,155.58
2014-08-08,11.75462,151.95
2014-08-07,12.4794,151.02
2014-08-06,12.24475,151.02
2014-08-05,12.61874,151.63
2014-08-04,11.26929,150.89
2014-08-01,12.67962,145.46
2014-07-31,12.66343,145.41
2014-07-30,9.96338,127.94
2014-07-29,9.90232,134.51
2014-07-28,9.34454,134.22
2014-07-25,9.4497,134.57
2014-07-24,8.7899,133.05
2014-07-23,8.55679,134.98
2014-07-22,9.08888,134.6
2014-07-21,9.47415,133.96
2014-07-18,8.92078,133.38
2014-07-17,10.75126,122.93
2014-07-16,8.13128,90.15
2014-07-15,8.81486,87.07
2014-07-14,8.68351,87.2
2014-07-11,8.88039,87.07
2014-07-10,9.2594,86.22
2014-07-09,8.5492,82.93
2014-07-08,8.80429,82.56
2014-07-07,8.32721,80.95
2014-07-03,7.58656,77.22
2014-07-02,7.92558,76.41
2014-07-01,8.14404,79.75
2014-06-30,8.45142,80.44
2014-06-27,8.25453,80.04
2014-06-26,8.54393,81.11
2014-06-25,8.49831,84.82
2014-06-24,8.92765,83.52
2014-06-23,8.0759,77.55
2014-06-20,7.98734,78.91
2014-06-19,7.79678,78.72
2014-06-18,7.81584,78.81
2014-06-17,8.90365,69.39
2014-06-16,9.32203,69.01
2014-06-13,9.00155,68.71
2014-06-12,9.27143,68.57
2014-06-11,8.56974,64.01
2014-06-10,8.1131,61.63
2014-06-09,8.20698,61.68
2014-06-06,7.86715,59.75
2014-06-05,8.56493,57.67
2014-06-04,8.87713,56.85
2014-06-03,8.70681,56.49
2014-06-02,8.51784,55.95
2014-05-30,8.35716,55.49
2014-05-29,8.50173,57.68
2014-05-28,8.59329,63.74
2014-05-27,8.45329,63.53
2014-05-23,8.33578,64.1
2014-05-22,8.81319,67.19
2014-05-21,8.71697,79.54
2014-05-20,9.46746,78.92
2014-05-19,9.05908,78.51
2014-05-16,9.07897,85.66
2014-05-15,9.60823,85.23
2014-05-14,8.87803,82.01
2014-05-13,8.85401,82
2014-05-12,8.89002,83.78
2014-05-09,9.3909,83.02
2014-05-08,9.68906,82.66
2014-05-07,9.62644,82.72
2014-05-06,9.91023,84.89
2014-05-05,9.57769,86.62
2014-05-02,9.31189,86.05
2014-05-01,9.55437,86.48
2014-04-30,9.67114,86.83
2014-04-29,9.92687,87.56
2014-04-28,10.08883,90.13
2014-04-25,10.16043,98.02
2014-04-24,9.63542,100.83
2014-04-23,9.60272,107.46
2014-04-22,9.55797,107.64
2014-04-21,9.60284,108.52
2014-04-17,9.66785,108.54
2014-04-16,10.25233,107.12
2014-04-15,11.29604,102.86
2014-04-14,11.65027,102.48
2014-04-11,12.25444,108.56
2014-04-10,11.44236,114.45
2014-04-09,10.00797,107.18
2014-04-08,10.79298,104.94
2014-04-07,11.3327,104.95
2014-04-04,10.18606,100.84
2014-04-03,9.74419,100.26
2014-04-02,9.50894,99.9
2014-04-01,9.49413,100.55
2014-03-31,10.07842,104.99
2014-03-28,10.47771,104.41
2014-03-27,10.63582,105.17
2014-03-26,10.82747,105.16
2014-03-25,10.13958,103.26
2014-03-24,10.87489,102.24
2014-03-21,10.87272,102.24
2014-03-20,10.5393,107.78
2014-03-19,10.86519,116.08
2014-03-18,10.42954,116.13
2014-03-17,11.2316,118.85
2014-03-14,12.82014,122.48
2014-03-13,11.70528,120.95
2014-03-12,10.40783,115.09
2014-03-11,10.67513,118.78
2014-03-10,10.23497,121.14
2014-03-07,10.16937,121.45
2014-03-06,10.25327,148.3
2014-03-05,10.11285,149.35
2014-03-04,10.26724,149.26
2014-03-03,11.64822,144.01
2014-02-28,10.13905,138.21
2014-02-27,10.23995,138.24
2014-02-26,10.4959,137.94
2014-02-25,9.94037,139.4
2014-02-24,10.35888,141.27
2014-02-21,10.68802,142.48
2014-02-20,10.79483,142.42
2014-02-19,11.27109,141.66
2014-02-18,10.08434,138.63
2014-02-14,9.90873,138.63
2014-02-13,10.34382,138.28
2014-02-12,10.52632,138.82
2014-02-11,10.63082,138.8
2014-02-10,11.18604,139.75
2014-02-07,11.22531,139.71
2014-02-06,12.66819,134.11
2014-02-05,14.74174,125.52
2014-02-04,14.13357,127.06
2014-02-03,15.86151,121.48
2014-01-31,13.63199,114.02
2014-01-30,12.75826,123.61
2014-01-29,12.70132,123.64
2014-01-28,11.56408,120.47
2014-01-27,12.73485,116.74
2014-01-24,13.25733,115.94
2014-01-23,10.06947,86.32
2014-01-22,9.47532,84.69
2014-01-21,9.49815,84.97
2014-01-17,9.19302,88.34
2014-01-16,9.21798,88.7
2014-01-15,9.0334,88.49
2014-01-14,8.97464,88.72
2014-01-13,9.72609,86.59
2014-01-10,8.88531,83.58
2014-01-09,9.4898,81.33
2014-01-08,9.48416,81.33
2014-01-07,9.47979,82.39
2014-01-06,9.93475,81.95
2014-01-03,10.11393,83.73
2014-01-02,10.40585,83.27
2013-12-31,9.94996,82.4
2013-12-30,9.82609,84.91
2013-12-27,9.04997,81.39
2013-12-26,9.00657,81.47
2013-12-24,9.12147,81.7
2013-12-23,9.51894,80.92
2013-12-20,10.08188,79.57
2013-12-19,10.35492,82.21
2013-12-18,10.03199,87.31
2013-12-17,11.78395,73.26
2013-12-16,11.66157,73.57
2013-12-13,11.48856,74.25
2013-12-12,11.30346,74.79
2013-12-11,11.17148,74.91
2013-12-10,10.1024,68.83
2013-12-09,9.83021,68.42
2013-12-06,10.06863,68.15
2013-12-05,11.03549,61.77
2013-12-04,10.81359,61.93
2013-12-03,10.69853,61.9
2013-12-02,10.50107,61.73
2013-11-29,10.08391,60.67
2013-11-27,9.56522,59.55
2013-11-26,9.44899,66.12
2013-11-25,9.46426,96.28
2013-11-22,9.05532,107.49
2013-11-21,9.40635,107.44
2013-11-20,9.97098,107.04
2013-11-19,9.89214,118.02
2013-11-18,9.69796,117.7
2013-11-15,9.04236,116.35
2013-11-14,9.18201,126.07
2013-11-13,9.30578,126.59
2013-11-12,9.53727,128.27
2013-11-11,9.34865,129.73
2013-11-08,9.65063,130.72
2013-11-07,10.37673,131.21
2013-11-06,9.36714,130.42
2013-11-05,9.85225,129.64
2013-11-04,9.56998,129.29
2013-11-01,9.84068,129.12
2013-10-31,10.11104,131.64
2013-10-30,9.91285,131.52
2013-10-29,9.75628,132.09
2013-10-28,9.65122,133.48
2013-10-25,9.48895,133.38
2013-10-24,9.56245,133.46
2013-10-23,9.7324,133.4
2013-10-22,9.66853,133.81
2013-10-21,9.6227,134.64
2013-10-18,9.52381,136.1
2013-10-17,9.86678,135.89
2013-10-16,10.88823,132.9
2013-10-15,13.82427,111.08
2013-10-14,11.83707,101.8
2013-10-11,11.6109,101.73
2013-10-10,12.18755,100.9
2013-10-09,14.5067,85.74
2013-10-08,14.98453,85.13
2013-10-07,14.29834,89.96
2013-10-04,12.35242,81.71
2013-10-03,12.96976,82.21
2013-10-02,12.22116,83.93
2013-10-01,11.48983,84.54
2013-09-30,12.26813,82.23
2013-09-27,11.43237,80.77
2013-09-26,10.43569,76.34
2013-09-25,10.3563,84.83
2013-09-24,10.43504,86.38
2013-09-23,10.58824,87.03
2013-09-20,9.69912,84.01
2013-09-19,9.73733,85.71
2013-09-18,10.17368,84.96
2013-09-17,10.87982,82.36
2013-09-16,10.78042,84.59
2013-09-13,10.65543,84.73
2013-09-12,10.73548,88.64
2013-09-11,10.3902,88.83
2013-09-10,10.95777,87.23
2013-09-09,11.78911,84
2013-09-06,12.04041,84.75
2013-09-05,12.01341,85.25
2013-09-04,12.02211,85.55
2013-09-03,12.61104,84.43
2013-08-30,12.88246,84.06
2013-08-29,12.69637,84.71
2013-08-28,12.36781,90.42
2013-08-27,12.52614,90.24
2013-08-26,11.21418,85.41
2013-08-23,10.44297,83.4
2013-08-22,11.04956,81.58
2013-08-21,11.91865,78.23
2013-08-20,11.11028,75.93
2013-08-19,11.31849,75.84
2013-08-16,10.7891,74.69
2013-08-15,11.10776,74.27
2013-08-14,9.83705,66.58
2013-08-13,9.28846,63.42
2013-08-12,9.62579,63.14
2013-08-09,10.05021,62.71
2013-08-08,9.50638,59.58
2013-08-07,9.7389,59.55
2013-08-06,9.56463,60.91
2013-08-05,8.92776,59.03
2013-08-02,9.02312,64.19
2013-08-01,9.79264,63.43
2013-07-31,10.13106,94.68
2013-07-30,10.10261,94.66
2013-07-29,10.09652,94.67
2013-07-26,9.57831,92.87
2013-07-25,9.80422,94.2
2013-07-24,9.98031,100.38
2013-07-23,9.5822,102.98
2013-07-22,9.31625,107.33
2013-07-19,9.54411,107.49
2013-07-18,10.5235,107.03
2013-07-17,10.48786,108.34
2013-07-16,10.97079,110.28
2013-07-15,10.56624,109.52
2013-07-12,10.58428,109.52
2013-07-11,10.75872,115.82
2013-07-10,11.05751,115.85
2013-07-09,11.21795,115.92
2013-07-08,11.48586,116.25
2013-07-05,11.6029,116.21
2013-07-03,12.44909,114.03
2013-07-02,12.6277,114.25
2013-07-01,12.54022,114.36
2013-06-28,12.96424,114.07
2013-06-27,12.9354,115.16
2013-06-26,13.23134,114.78
2013-06-25,14.10031,112.5
2013-06-24,15.35583,108.35
2013-06-21,14.38137,107.38
2013-06-20,15.477,104.93
2013-06-19,12.41606,83.99
2013-06-18,12.40015,84.41
2013-06-17,12.60126,84.08
2013-06-14,12.87538,83.82
2013-06-13,12.31335,85.49
2013-06-12,13.93553,77.96
2013-06-11,12.85585,76.87
2013-06-10,11.6678,72.08
2013-06-07,11.45061,71.92
2013-06-06,12.55,65.68
2013-06-05,13.37001,62.09
2013-06-04,12.4474,58.94
2013-06-03,12.44268,62.43
2013-05-31,12.56649,63.58
2013-05-30,11.13751,70.3
2013-05-29,11.46413,72.46
2013-05-28,11.25534,90.66
2013-05-24,10.82901,111.74
2013-05-23,10.87915,156.9
2013-05-22,10.74065,156.98
2013-05-21,10.35311,156.76
2013-05-20,10.11341,157.07
2013-05-17,9.70533,156.87
2013-05-16,10.13335,157.16
2013-05-15,9.96035,157.06
2013-05-14,9.85796,157.14
2013-05-13,9.6717,160.36
2013-05-10,9.70402,161.29
2013-05-09,10.01373,162.28
2013-05-08,9.61203,162.19
2013-05-07,9.80587,162.48
2013-05-06,9.6826,163.79
2013-05-03,9.80392,163.91
2013-05-02,10.39865,163.31
2013-05-01,10.9856,165.24
2013-04-30,10.27512,168.92
2013-04-29,10.47765,170.65
2013-04-26,10.45395,178.48
2013-04-25,10.47128,178.49
2013-04-24,10.4644,179.25
2013-04-23,10.36046,179.59
2013-04-22,11.02851,179.17
2013-04-19,11.45546,180.99
2013-04-18,13.42508,174.08
2013-04-17,12.67562,174.16
2013-04-16,10.59663,165.77
2013-04-15,13.21246,151.57
2013-04-12,9.20962,107.52
2013-04-11,9.32642,107.52
2013-04-10,9.46256,109.03
2013-04-09,9.81501,115.83
2013-04-08,10.13913,119.36
2013-04-05,10.69946,149.41
2013-04-04,10.78667,150.89
2013-04-03,11.06267,151.41
2013-04-02,9.96414,157.73
2013-04-01,10.56727,156.69
2013-03-28,9.90485,155.67
2013-03-27,10.29596,155.27
2013-03-26,9.93465,155.13
2013-03-25,10.66936,153.75
2013-03-22,10.45938,153.72
2013-03-21,10.83404,153.66
2013-03-20,9.78983,150.65
2013-03-19,11.1741,145.15
2013-03-18,10.31023,144.76
2013-03-15,8.6537,140.97
2013-03-14,8.68696,144.44
2013-03-13,9.12035,143.85
2013-03-12,9.42179,145.13
2013-03-11,8.87115,143.95
2013-03-08,9.69207,142.43
2013-03-07,9.97175,142.17
2013-03-06,10.4157,141.51
2013-03-05,10.34933,141.51
2013-03-04,10.76947,140.88
2013-03-01,11.77733,140.44
2013-02-28,11.85508,140.39
2013-02-27,11.24513,139.65
2013-02-26,12.92522,132.46
2013-02-25,14.39509,127.47
2013-02-22,10.74299,93.48
2013-02-21,11.5303,91.62
2013-02-20,11.0012,90.67
2013-02-19,9.19411,72.05
2013-02-15,9.33054,71.99
2013-02-14,9.49025,73.02
2013-02-13,9.64841,72.94
2013-02-12,9.38869,93.22
2013-02-11,9.65023,113.62
2013-02-08,9.74916,124.92
2013-02-07,10.07388,124.86
2013-02-06,9.92304,128.06
2013-02-05,10.10012,128.07
2013-02-04,10.83857,126.87
2013-02-01,9.43603,118.9
2013-01-31,10.51237,120.15
2013-01-30,10.54958,121.07
2013-01-29,9.87389,119.36
2013-01-28,10.08322,119.59
2013-01-25,9.58222,119.09
2013-01-24,9.48927,119.22
2013-01-23,9.36349,119.3
2013-01-22,9.34165,119.38
2013-01-18,9.35365,119.72
2013-01-17,10.15415,117.91
2013-01-16,10.10238,118.21
2013-01-15,10.16123,118.66
2013-01-14,10.11825,119.6
2013-01-11,10,120.69
2013-01-10,10.17345,120.91
2013-01-09,10.56699,120.67
2013-01-08,10.42081,120.96
2013-01-07,10.52029,121.28
2013-01-04,10.59851,121.42
2013-01-03,11.10518,120.8
2013-01-02,11.14739,120.83
2012-12-31,13.65462,106.66
2012-12-28,17.18348,84.1
2012-12-27,14.73883,70.76
2012-12-26,14.73191,73.71
2012-12-24,13.52848,69.28
2012-12-21,13.54697,76.7
2012-12-20,13.34592,76.58
2012-12-19,13.10683,76.69
2012-12-18,11.76871,73.97
2012-12-17,12.41924,73.72
2012-12-14,12.91009,74.74
2012-12-13,12.67024,76.86
2012-12-12,12.18674,81.96
2012-12-11,11.97784,82.84
2012-12-10,12.40628,82.37
2012-12-07,12.28748,82.29
2012-12-06,12.79914,81.79
2012-12-05,12.57833,91.16
2012-12-04,13.07669,90.82
2012-12-03,12.74607,98.92
2012-11-30,12.20581,98.16
2012-11-29,11.60962,97.14
2012-11-28,11.98516,96.72
2012-11-27,12.30389,97.8
2012-11-26,11.95988,97.97
2012-11-23,11.65871,98.64
2012-11-21,11.93483,98.44
2012-11-20,11.77573,101.99
2012-11-19,11.90439,103.41
2012-11-16,12.8979,100.41
2012-11-15,14.0844,98.8
2012-11-14,14.05931,98.99
2012-11-13,13.09992,97.78
2012-11-12,13.12043,98.31
2012-11-09,14.6282,93.43
2012-11-08,14.51676,101.87
2012-11-07,14.95063,104.71
2012-11-06,13.7183,104.55
2012-11-05,14.41427,103.06
2012-11-02,13.71326,102.49
2012-11-01,12.90397,101.31
2012-10-31,14.34079,95.69
2012-10-26,13.77417,95.66
2012-10-25,13.97717,95.42
2012-10-24,14.15007,95.24
2012-10-23,14.51141,102.24
2012-10-22,12.72686,95.36
2012-10-19,13.09789,94.94
2012-10-18,11.47066,93.93
2012-10-17,11.48716,98.11
2012-10-16,11.66731,105.31
2012-10-15,11.80427,105.35
2012-10-12,12.46332,104.82
2012-10-11,12.04698,104.35
2012-10-10,12.63868,104.63
2012-10-09,12.71456,105.3
2012-10-08,11.64637,101.67
2012-10-05,10.97916,102.77
2012-10-04,11.17683,103.51
2012-10-03,11.95383,102.68
2012-10-02,12.13877,102.59
2012-10-01,12.65411,103.14
2012-09-28,12.21653,103.28
2012-09-27,11.50744,103.33
2012-09-26,13.06951,96.06
2012-09-25,11.91322,92.03
2012-09-24,10.9571,91.82
2012-09-21,10.75219,94.39
2012-09-20,10.87158,94.89
2012-09-19,10.62055,94.54
2012-09-18,10.87423,94.92
2012-09-17,11.12212,94.8
2012-09-14,11.05861,94.97
2012-09-13,10.88472,102.2
2012-09-12,12.25947,98.04
2012-09-11,12.75752,97.58
2012-09-10,12.73566,98.77
2012-09-07,11.24404,94.51
2012-09-06,12.35057,91.84
2012-09-05,14.07378,89.48
2012-09-04,14.31415,91.12
2012-08-31,13.89706,96.13
2012-08-30,14.26286,104.72
2012-08-29,13.61858,105.35
2012-08-28,13.11749,105.76
2012-08-27,13.06641,105.94
2012-08-24,12.10913,103.66
2012-08-23,12.68983,103.07
2012-08-22,12.12,105.4
2012-08-21,12.03719,105.79
2012-08-20,11.36051,104.33
2012-08-17,10.91898,104.57
2012-08-16,11.56055,104.91
2012-08-15,11.91077,104.69
2012-08-14,12.03989,106.9
2012-08-13,11.10211,103.66
2012-08-10,11.98959,101.35
2012-08-09,12.44097,111.42
2012-08-08,12.3868,111.63
2012-08-07,12.87647,111.23
2012-08-06,12.85254,111.45
2012-08-03,12.64247,118.03
2012-08-02,14.44426,115.28
2012-08-01,15.41463,123.82
2012-07-31,15.38274,125.5
2012-07-30,14.70396,124.81
2012-07-27,13.5157,128.43
2012-07-26,14.27641,127.79
2012-07-25,15.9492,128.04
2012-07-24,16.98332,129.74
2012-07-23,15.34405,126.97
2012-07-20,13.36565,123.71
2012-07-19,12.58246,121.87
2012-07-18,13.17463,121.43
2012-07-17,13.45855,125.59
2012-07-16,13.95482,126
2012-07-13,13.68542,125.62
2012-07-12,15.02705,127.9
2012-07-11,14.64828,127.49
2012-07-10,15.27415,135.08
2012-07-09,14.6072,134.49
2012-07-06,13.92281,133.58
2012-07-05,14.12087,133.82
2012-07-03,13.20964,131.91
2012-07-02,13.3418,132.32
2012-06-29,13.50091,137.65
2012-06-28,15.86318,130.09
2012-06-27,15.59118,133.61
2012-06-26,15.78231,133.71
2012-06-25,16.30661,133.45
2012-06-22,14.41649,131.77
2012-06-21,15.97963,129.07
2012-06-20,13.58336,120.73
2012-06-19,14.48156,120.64
2012-06-18,14.5825,120.66
2012-06-15,16.70888,113.1
2012-06-14,17.21045,115.49
2012-06-13,19.29099,109.35
2012-06-12,17.69323,107.06
2012-06-11,18.85403,105.4
2012-06-08,16.99488,102.34
2012-06-07,17.28474,102
2012-06-06,17.64472,102.63
2012-06-05,19.84242,98.28
2012-06-04,20.9362,98.16
2012-06-01,21.52778,99.94
2012-05-31,19.45972,98.85
2012-05-30,19.45833,99.13
2012-05-29,16.84826,90.13
2012-05-25,17.38714,91.61
2012-05-24,17.17019,91.6
2012-05-23,17.77866,98.64
2012-05-22,17.65075,110.59
2012-05-21,17.21953,110.67
2012-05-18,19.71565,104.41
2012-05-17,19.26072,108.83
2012-05-16,17.47489,105.78
2012-05-15,17.20573,106.91
2012-05-14,17.02475,106.96
2012-05-11,15.36857,103.3
2012-05-10,14.52596,102.33
2012-05-09,15.50459,99.83
2012-05-08,14.64258,98.83
2012-05-07,14.50119,101.74
2012-05-04,14.63936,102.86
2012-05-03,13.35869,101.35
2012-05-02,12.81993,101.03
2012-05-01,12.55483,101.29
2012-04-30,12.96394,101.2
2012-04-27,12.31141,100.55
2012-04-26,12.27049,102.88
2012-04-25,12.74146,102.17
2012-04-24,13.7142,99.95
2012-04-23,14.44123,99.99
2012-04-20,13.20012,100.78
2012-04-19,13.98964,99.84
2012-04-18,14.21165,101.96
2012-04-17,14.06583,105.5
2012-04-16,14.93278,114.09
2012-04-13,14.94191,114.66
2012-04-12,13.05305,107.31
2012-04-11,15.26031,97.88
2012-04-10,15.57678,97.98
2012-04-09,14.32706,95.08
2012-04-05,12.7842,90.05
2012-04-04,12.51523,90
2012-04-03,11.74794,91.2
2012-04-02,11.73381,91.19
2012-03-30,11.62616,91.31
2012-03-29,11.6619,94.13
2012-03-28,11.62633,97.86
2012-03-27,11.68841,101.87
2012-03-26,10.69928,98.26
2012-03-23,11.17394,100.62
2012-03-22,11.81067,106.79
2012-03-21,11.46386,106.62
2012-03-20,11.77538,106.88
2012-03-19,11.3578,106.19
2012-03-16,10.98793,106.39
2012-03-15,11.77009,105.48
2012-03-14,11.76064,105.69
2012-03-13,11.28823,105.64
2012-03-12,11.89535,104.89
2012-03-09,13.04315,102.82
2012-03-08,13.53389,102.27
2012-03-07,14.50962,100.08
2012-03-06,15.91308,96.49
2012-03-05,13.6453,84.54
2012-03-02,13.08758,83.63
2012-03-01,12.96088,86.93
2012-02-29,13.79801,86.57
2012-02-28,13.35117,87.79
2012-02-27,13.56349,89.87
2012-02-24,12.85746,88.82
2012-02-23,12.61735,88.9
2012-02-22,13.73348,86.26
2012-02-21,13.73245,86.36
2012-02-17,13.51783,86.47
2012-02-16,14.66728,83.77
2012-02-15,16.18559,78.78
2012-02-14,14.89556,74.49
2012-02-13,14.41441,73.73
2012-02-10,15.75716,70.12
2012-02-09,14.01068,59.9
2012-02-08,13.68191,65.08
2012-02-07,13.31272,66.85
2012-02-06,13.52834,66.94
2012-02-03,13.01469,65.47
2012-02-02,13.67196,67.78
2012-02-01,14.07008,70.51
2012-01-31,14.87262,69.89
2012-01-30,14.77645,70.15
2012-01-27,14.06558,68.21
2012-01-26,14.12382,69.42
2012-01-25,14.0328,69.28
2012-01-24,14.52158,68.92
2012-01-23,14.3494,80.28
2012-01-20,14.13657,84.03
2012-01-19,15.36499,81.71
2012-01-18,16.25681,80.78
2012-01-17,17.43501,78.59
2012-01-13,16.49314,76.41
2012-01-12,15.94982,75.37
2012-01-11,16.57741,80.37
2012-01-10,16.19189,80.38
2012-01-09,16.54106,82.48
2012-01-06,16.21728,82.64
2012-01-05,16.78781,86.5
2012-01-04,17.153,86.62
2012-01-03,17.60288,87.35
2011-12-30,18.05556,89.63
2011-12-29,17.50116,89.72
2011-12-28,18.17901,92.78
2011-12-27,16.75845,88.73
2011-12-23,15.87776,88.16
2011-12-22,16.2158,91.91
2011-12-21,16.39507,95.29
2011-12-20,17.7428,129.9
2011-12-19,19.14861,130.4
2011-12-16,18.66738,130.07
2011-12-15,19.30351,129.78
2011-12-14,20.04002,131.24
2011-12-13,19.42215,131.71
2011-12-12,19.44255,141.55
2011-12-09,19.73074,155.88
2011-12-08,22.94307,148.89
2011-12-07,21.35727,158.27
2011-12-06,20.99724,159.51
2011-12-05,20.69581,162.24
2011-12-02,20.54805,163.64
2011-12-01,20.38828,167
2011-11-30,20.67222,167.13
2011-11-29,22.98575,166.3
2011-11-28,24.1343,166.45
2011-11-25,26.03278,172.52
2011-11-23,25.42652,174.98
2011-11-22,23.64295,173.76
2011-11-21,24.36514,174.57
2011-11-18,23.67915,174.35
2011-11-17,25.61609,176
2011-11-16,24.78184,175.67
2011-11-15,23.0525,174.57
2011-11-14,22.85442,175.81
2011-11-11,21.85045,177.31
2011-11-10,24.10196,177.18
2011-11-09,26.57846,178.56
2011-11-08,19.93905,154.77
2011-11-07,21.71383,155.88
2011-11-04,21.86458,156.24
2011-11-03,22.0551,156.83
2011-11-02,23.81611,155.53
2011-11-01,25.3112,159.29
2011-10-31,21.48286,155.71
2011-10-28,17.321,140.14
2011-10-27,17.9498,141.82
2011-10-26,21.59074,130.99
2011-10-25,23.14988,132.1
2011-10-24,21.0186,129.63
2011-10-21,22.60393,128.82
2011-10-20,25.37205,124.46
2011-10-19,24.98187,130.98
2011-10-18,22.9711,128.94
2011-10-17,24.24661,131.99
2011-10-14,20.39284,124.72
2011-10-13,22.33539,123.79
2011-10-12,22.63413,123.79
2011-10-11,24.08914,122.86
2011-10-10,24.171,123.03
2011-10-07,27.03106,122.03
2011-10-06,27.07525,127.33
2011-10-05,28.40508,130.27
2011-10-04,30.75185,127.75
2011-10-03,34.25793,132.89
2011-09-30,31.9429,131.45
2011-09-29,28.58825,127.07
2011-09-28,30.17925,156.29
2011-09-27,27.7361,155.36
2011-09-26,28.98745,154.72
2011-09-23,30.62361,160.5
2011-09-22,30.62736,162.18
2011-09-21,27.1596,160.86
2011-09-20,24.02749,168.74
2011-09-19,24.00088,193.14
2011-09-16,22.45416,229.52
2011-09-15,23.05473,229.38
2011-09-14,25.22969,245.66
2011-09-13,26.92195,245.68
2011-09-12,28.3604,244.99
2011-09-09,28.14966,245.96
2011-09-08,24.63394,243.63
2011-09-07,23.73773,243.62
2011-09-06,26.45124,243.29
2011-09-02,23.88228,242.07
2011-09-01,22.26265,242.77
2011-08-31,21.9431,242.86
2011-08-30,22.80702,244.74
2011-08-29,22.2544,244.86
2011-08-26,24.58722,244.6
2011-08-25,27.66875,241.51
2011-08-24,24.9098,241.49
2011-08-23,25.14733,241.45
2011-08-22,29.49885,235.16
2011-08-19,29.89583,235.4
2011-08-18,29.79749,238.38
2011-08-17,21.87132,222.62
2011-08-16,22.80458,222.22
2011-08-15,22.07981,222.21
2011-08-12,25.54268,215.95
2011-08-11,27.43774,214.8
2011-08-10,30.29598,212.56
2011-08-09,24.64502,209.48
2011-08-08,33.7624,184.69
2011-08-05,22.46402,143.42
2011-08-04,22.35244,145.19
2011-08-03,16.34736,113.55
2011-08-02,17.45529,111.59
2011-08-01,16.61634,113.06
2011-07-29,17.55667,115.25
2011-07-28,16.59212,115.17
2011-07-27,15.99944,116.4
2011-07-26,13.95365,120.78
2011-07-25,13.46274,122.8
2011-07-22,12.19631,119.61
2011-07-21,12.2148,121.57
2011-07-20,13.44177,118.99
2011-07-19,13.56543,119.62
2011-07-18,14.89619,116.25
2011-07-15,13.80407,114.49
2011-07-14,14.6903,112.88
2011-07-13,14.07067,112.46
2011-07-12,14.18374,122.6
2011-07-11,13.09176,121.35
2011-07-08,11.18278,111.97
2011-07-07,11.11808,113.39
2011-07-06,11.40106,113.88
2011-07-05,11.09806,113.7
2011-07-01,10.93653,115.15
2011-06-30,11.38525,120.69
2011-06-29,11.97476,120.59
2011-06-28,13.35423,118.71
2011-06-27,14.41694,116.82
2011-06-24,14.88641,117.45
2011-06-23,13.596,116.29
2011-06-22,12.84773,116.71
2011-06-21,13.09904,118.35
2011-06-20,13.97511,119.2
2011-06-17,15.28613,117.51
2011-06-16,16.04886,116.35
2011-06-15,15.0088,117.14
2011-06-14,12.61747,105.62
2011-06-13,13.65409,103.08
2011-06-10,13.12,104.75
2011-06-09,12.23155,103.05
2011-06-08,12.86546,103.36
2011-06-07,12.3101,103.04
2011-06-06,12.66178,102.7
2011-06-03,12.26931,104.28
2011-06-02,12.50346,104.61
2011-06-01,12.71363,106.39
2011-05-31,10.75381,96.22
2011-05-27,11.16,101.99
2011-05-26,11.38712,103.32
2011-05-25,12.10209,102.41
2011-05-24,12.64817,101.49
2011-05-23,13.01189,101.28
2011-05-20,12.27897,102.59
2011-05-19,10.84935,95.84
2011-05-18,11.38149,94.96
2011-05-17,12.38532,91.8
2011-05-16,12.84507,91.21
2011-05-13,12.0918,89.38
2011-05-12,11.26335,86.76
2011-05-11,11.92067,85.19
2011-05-10,11.08247,82.29
2011-05-09,11.99078,81.38
2011-05-06,12.776,83.16
2011-05-05,12.48628,82.87
2011-05-04,11.50246,81.1
2011-05-03,11.24503,81.49
2011-05-02,10.7503,79.85
2011-04-29,9.94874,89.24
2011-04-28,9.88105,91.13
2011-04-27,10.45284,95
2011-04-26,10.67377,115.67
2011-04-25,10.82064,125.02
2011-04-21,10.08167,123.59
2011-04-20,10.39597,125.66
2011-04-19,11.05833,128.18
2011-04-18,11.91179,126.86
2011-04-15,10.60868,121.35
2011-04-14,11.23231,123.59
2011-04-13,11.70934,123.38
2011-04-12,11.79841,127.51
2011-04-11,11.48892,127.09
2011-04-08,12.39079,132.43
2011-04-07,11.96587,132.6
2011-04-06,11.7992,135.51
2011-04-05,12.12824,135.74
2011-04-04,12.31007,137.14
2011-04-01,12.24145,155.41
2011-03-31,12.50176,155.34
2011-03-30,12.53717,155.38
2011-03-29,12.89681,155.21
2011-03-28,13.79017,153.83
2011-03-25,12.72198,152.12
2011-03-24,12.68678,152.25
2011-03-23,13.57264,150.76
2011-03-22,14.21438,149.92
2011-03-21,14.4896,150.34
2011-03-18,17.25379,139.5
2011-03-17,18.82227,137.11
2011-03-16,21.16631,131.53
2011-03-15,17.40001,119.7
2011-03-14,15.10365,117.99
2011-03-11,14.46894,117.7
2011-03-10,15.83213,131.96
2011-03-09,14.54676,130.44
2011-03-08,14.25079,131.77
2011-03-07,14.79519,131.18
2011-03-04,13.63669,129.92
2011-03-03,13.34673,129.87
2011-03-02,14.92968,125.58
2011-03-01,15.21912,127.18
2011-02-28,13.30481,121.21
2011-02-25,13.96802,121.62
2011-02-24,15.45936,117.25
2011-02-23,16.10392,117.54
2011-02-22,15.22917,117.37
2011-02-18,12.01902,92.89
2011-02-17,12.20391,92.83
2011-02-16,12.3413,93.44
2011-02-15,12.10978,93.26
2011-02-14,11.81832,92.9
2011-02-11,11.60417,92.66
2011-02-10,11.80831,92.61
2011-02-09,11.57634,92.4
2011-02-08,11.5697,92.49
2011-02-07,12.02008,91.92
2011-02-04,11.73049,94.14
2011-02-03,12.228,95.23
2011-02-02,12.54714,96.83
2011-02-01,12.75411,96.7
2011-01-31,14.2586,90.36
2011-01-28,14.72122,92.55
2011-01-27,11.7866,63.49
2011-01-26,12.16108,63.7
2011-01-25,12.894,61.3
2011-01-24,12.93799,61.45
2011-01-21,13.59788,59.84
2011-01-20,13.3566,60.24
2011-01-19,12.84125,59.02
2011-01-18,11.87874,53.6
2011-01-14,11.58226,52.91
2011-01-13,12.27256,56.11
2011-01-12,12.41306,63.09
2011-01-11,13.02336,68.3
2011-01-10,13.55382,74.59
2011-01-07,13.26112,74.17
2011-01-06,13.35585,85.96
2011-01-05,12.91057,86.35
2011-01-04,13.05393,95.51
2011-01-03,13.16636,95.74
2010-12-31,13.27996,96.5
2010-12-30,13.20968,106.89
2010-12-29,13.10183,107.24
2010-12-28,13.34654,113.94
2010-12-27,13.45671,113.99
2010-12-23,12.5591,116.13
2010-12-22,11.80561,114.55
2010-12-21,12.5686,113.31
2010-12-20,12.50572,114.36
2010-12-17,12.24536,114.21
2010-12-16,13.14139,112.22
2010-12-15,13.51412,113.64
2010-12-14,13.13003,116.86
2010-12-13,13.11463,116.94
2010-12-10,13.31267,117.41
2010-12-09,13.04644,117.33
2010-12-08,13.415,117.11
2010-12-07,13.5253,117.56
2010-12-06,13.55193,117.86
2010-12-03,13.47146,118.96
2010-12-02,14.68494,116.22
2010-12-01,16.26933,111.98
2010-11-30,18.05353,108.33
2010-11-29,16.4301,108.04
2010-11-26,16.77614,107.71
2010-11-24,14.62867,100.76
2010-11-23,15.40357,99.86
2010-11-22,13.51928,91.85
2010-11-19,13.21709,91.57
2010-11-18,13.77056,94.38
2010-11-17,16.08159,82.78
2010-11-16,16.74453,81.78
2010-11-15,14.83876,73.33
2010-11-12,15.07902,77.67
2010-11-11,13.65368,72.69
2010-11-10,13.44446,74.15
2010-11-09,13.77617,74.48
2010-11-08,13.12052,73.12
2010-11-05,12.97889,72.89
2010-11-04,13.04961,74.17
2010-11-03,13.93063,77.75
2010-11-02,15.36763,75.16
2010-11-01,15.70391,74.99
2010-10-29,15.23426,75.17
2010-10-28,14.99677,75.23
2010-10-27,15.03776,75.45
2010-10-26,14.58559,74.91
2010-10-25,14.21818,74.91
2010-10-22,13.48847,72.81
2010-10-21,13.82551,73.63
2010-10-20,14.1752,74.02
2010-10-19,14.93629,72.79
2010-10-18,13.64644,66.39
2010-10-15,13.58122,77.38
2010-10-14,14.14544,80.76
2010-10-13,13.67123,79.91
2010-10-12,13.65111,83.67
2010-10-11,13.65207,84.03
2010-10-08,14.88536,89.38
2010-10-07,15.52643,94.55
2010-10-06,15.43268,94.94
2010-10-05,15.73505,95.04
2010-10-04,17.18647,94.73
2010-10-01,16.37316,93.38
2010-09-30,17.40088,92.12
2010-09-29,17.05796,95.1
2010-09-28,16.6458,94.81
2010-09-27,16.72231,97.02
2010-09-24,16.11371,96.06
2010-09-23,17.87212,91.81
2010-09-22,16.84124,89.94
2010-09-21,17.02468,100.49
2010-09-20,16.44737,100.09
2010-09-17,16.86461,100
2010-09-16,16.61313,100.18
2010-09-15,16.99869,99.95
2010-09-14,16.57187,99.72
2010-09-13,16.49172,99.97
2010-09-10,17.2891,101.49
2010-09-09,17.96063,101.1
2010-09-08,18.23529,101.06
2010-09-07,18.69306,101.63
2010-09-03,16.54118,94.74
2010-09-02,18.10587,91.64
2010-09-01,18.6699,92.18
2010-08-31,20.52959,88.67
2010-08-30,21.46407,90.29
2010-08-27,19.18249,87.16
2010-08-26,21.54609,79.73
2010-08-25,21.08172,80.34
2010-08-24,21.66982,79.8
2010-08-23,20.25416,77.34
2010-08-20,20.05981,77.31
2010-08-19,20.6192,77.03
2010-08-18,19.09903,73.87
2010-08-17,18.89856,74.94
2010-08-16,20.33185,77.3
2010-08-13,20.51282,77.49
2010-08-12,20.02646,81.43
2010-08-11,19.70661,82.65
2010-08-10,17.0542,67.26
2010-08-09,16.73596,87.1
2010-08-06,16.38776,87.08
2010-08-05,16.79331,87.43
2010-08-04,16.88203,92.82
2010-08-03,17.10636,92.84
2010-08-02,16.71476,96.73
2010-07-30,18.01042,95.28
2010-07-29,18.44942,95.96
2010-07-28,18.65672,96.47
2010-07-27,17.85907,95.36
2010-07-26,17.49538,99.58
2010-07-23,18.26459,99.14
2010-07-22,19.10487,99.66
2010-07-21,20.01874,102.95
2010-07-20,18.54895,99.33
2010-07-19,20.04167,99.7
2010-07-16,20.32206,100.84
2010-07-15,19.52166,118.28
2010-07-14,19.51392,118.29
2010-07-13,19.32793,126.79
2010-07-12,19.40583,131.84
2010-07-09,19.75172,134.5
2010-07-08,20.31769,143.56
2010-07-07,21.28976,143.38
2010-07-06,23.46099,143.07
2010-07-02,24.01148,143.21
2010-07-01,26.41691,147.05
2010-06-30,28.17982,166.89
2010-06-29,27.95708,167.59
2010-06-28,23.58107,161.33
2010-06-25,23.1087,161.18
2010-06-24,24.06733,168.76
2010-06-23,21.95838,167.22
2010-06-22,21.97936,169.9
2010-06-21,20.15391,167.76
2010-06-18,19.37546,197.9
2010-06-17,20.2834,210.42
2010-06-16,21.04921,227.99
2010-06-15,20.97964,228.53
2010-06-14,23.3268,231.57
2010-06-11,23.87033,233.15
2010-06-10,25.30001,237.11
2010-06-09,28.03824,239.16
2010-06-08,28.14901,240.65
2010-06-07,30.59739,250.39
2010-06-04,29.51747,250.48
2010-06-03,24.19514,245
2010-06-02,24.61651,244.69
2010-06-01,28.9508,237.77
2010-05-28,26.01817,239.48
2010-05-27,24.03239,239.98
2010-05-26,28.63216,235.16
2010-05-25,28.16798,235.12
2010-05-24,30.86837,233.25
2010-05-21,31.95219,232.31
2010-05-20,37.09494,226.6
2010-05-19,28.62005,216.8
2010-05-18,27.19903,216.97
2010-05-17,25.03044,216.27
2010-05-14,25.13679,216.92
2010-05-13,21.20827,212.48
2010-05-12,20.16435,212.36
2010-05-11,22.22571,209.48
2010-05-10,22.51366,209.69
2010-05-07,32.2314,174.51
2010-05-06,25.76186,165.02
2010-05-05,19.32656,143.39
2010-05-04,18.28221,144.33
2010-05-03,15.29661,135.47
2010-04-30,16.61392,132.68
2010-04-29,13.92434,122.38
2010-04-28,16.01702,113.98
2010-04-27,17.22029,112.61
2010-04-26,13.09595,77.66
2010-04-23,12.43268,76.56
2010-04-22,12.37787,77.14
2010-04-21,12.17365,77.32
2010-04-20,11.7091,77.01
2010-04-19,12.87401,71.75
2010-04-16,13.59899,69.94
2010-04-15,11.71052,57.01
2010-04-14,11.41038,56.25
2010-04-13,11.92667,55.22
2010-04-12,11.47613,53.54
2010-04-09,11.98574,52.37
2010-04-08,12.34457,52.67
2010-04-07,12.44478,52.67
2010-04-06,12.13367,53.64
2010-04-05,12.59901,58.41
2010-04-01,12.87968,58.18
2010-03-31,12.99786,58.61
2010-03-30,12.76263,59.6
2010-03-29,13.08877,59.39
2010-03-26,13.27209,59.77
2010-03-25,13.83147,60.22
2010-03-24,13.15099,58.88
2010-03-23,12.1147,51.21
2010-03-22,12.44192,51.19
2010-03-19,12.53046,51.72
2010-03-18,12.19101,50.68
2010-03-17,12.27497,81.92
2010-03-16,12.88607,81.08
2010-03-15,13.16559,82.21
2010-03-12,12.77988,84.8
2010-03-11,13.21141,86.02
2010-03-10,13.60639,86.53
2010-03-09,13.17356,86.82
2010-03-08,13.04348,86.83
2010-03-05,12.79941,88.17
2010-03-04,13.78092,107.07
2010-03-03,13.72949,120.11
2010-03-02,14.02192,121.78
2010-03-01,14.22767,121.76
2010-02-26,14.33613,121.82
2010-02-25,14.86247,121.27
2010-02-24,14.96383,121.5
2010-02-23,15.80504,120.4
2010-02-22,14.66932,119.53
2010-02-19,14.7477,120.85
2010-02-18,15.17693,120.44
2010-02-17,15.95182,119.37
2010-02-16,16.17594,119.81
2010-02-12,16.67767,122.37
2010-02-11,17.51718,123.51
2010-02-10,18.48617,122.07
2010-02-09,18.85971,121.73
2010-02-08,19.35743,121.23
2010-02-05,19.15627,121.46
2010-02-04,18.95624,121.48
2010-02-03,15.52616,107.53
2010-02-02,15.38902,108.95
2010-02-01,16.23545,108.27
2010-01-29,17.72626,109
2010-01-28,16.98275,109.61
2010-01-27,16.48031,109.52
2010-01-26,17.40888,108.32
2010-01-25,17.95633,108.22
2010-01-22,19.29354,105.77
2010-01-21,15.79433,88.3
2010-01-20,13.23321,73.57
2010-01-19,12.29887,71.08
2010-01-15,12.4548,71.92
2010-01-14,12.16449,74.02
2010-01-13,12.30695,74.5
2010-01-12,12.58013,81.85
2010-01-11,12.09511,80.47
2010-01-08,12.5964,101.94
2010-01-07,13.30634,100.67
2010-01-06,13.30094,101.08
2010-01-05,13.4459,102.35
2010-01-04,13.90219,102.01
2009-12-31,15.12804,99.88